1 ; [(139, 4), (151, 4), (441, 4), (461, 4), (533, 4), (875, 4), (526, 3), (370, 2), (440, 2), (520, 2), (527, 2), (921, 2), (922, 2), (166, 1), (311, 1), (392, 1), (439, 1), (454, 1), (502, 1), (503, 1), (505, 1), (522, 1), (593, 1), (619, 1), (737, 1), (742, 1), (789, 1), (827, 1), (835, 1), (861, 1), (891, 1), (1175, 1), (1185, 1), (1222, 1)]
2 ; [(875, 3), (434, 2), (169, 1), (454, 1), (498, 1), (499, 1), (592, 1)]
3 ; [(139, 4), (375, 4), (633, 4), (856, 4), (1144, 4), (440, 3), (454, 3), (527, 3), (311, 2), (370, 2), (526, 2), (742, 2), (23, 1), (40, 1), (190, 1), (221, 1), (246, 1), (309, 1), (325, 1), (345, 1), (347, 1), (356, 1), (374, 1), (439, 1), (515, 1), (520, 1), (524, 1), (533, 1), (535, 1), (560, 1), (561, 1), (571, 1), (584, 1), (604, 1), (623, 1), (733, 1), (854, 1), (950, 1), (967, 1), (1161, 1), (1172, 1), (1175, 1), (1196, 1)]
4 ; [(604, 4), (711, 4), (876, 4), (669, 2), (503, 1), (538, 1), (539, 1), (540, 1), (553, 1)]
5 ; [(47, 4), (151, 4), (256, 4), (370, 4), (374, 4), (439, 4), (497, 4), (498, 4), (499, 4), (503, 4), (533, 4), (593, 4), (633, 4), (710, 4), (805, 4), (856, 4), (861, 4), (875, 4), (975, 4), (1144, 4), (23, 3), (325, 3), (461, 3), (496, 3), (500, 3), (511, 3), (895, 3), (980, 3), (1064, 3), (1175, 3), (114, 2), (347, 2), (386, 2), (430, 2), (465, 2), (516, 2), (524, 2), (553, 2), (592, 2), (867, 2), (50, 1), (60, 1), (132, 1), (135, 1), (139, 1), (169, 1), (189, 1), (190, 1), (197, 1), (200, 1), (226, 1), (265, 1), (297, 1), (298, 1), (299, 1), (311, 1), (312, 1), (333, 1), (343, 1), (349, 1), (369, 1), (371, 1), (392, 1), (410, 1), (420, 1), (427, 1), (428, 1), (434, 1), (437, 1), (440, 1), (441, 1), (450, 1), (478, 1), (501, 1), (502, 1), (505, 1), (513, 1), (520, 1), (531, 1), (549, 1), (559, 1), (561, 1), (568, 1), (590, 1), (604, 1), (605, 1), (669, 1), (701, 1), (702, 1), (711, 1), (722, 1), (724, 1), (729, 1), (731, 1), (733, 1), (750, 1), (761, 1), (763, 1), (772, 1), (779, 1), (788, 1), (843, 1), (845, 1), (857, 1), (864, 1), (876, 1), (888, 1), (889, 1), (925, 1), (935, 1), (943, 1), (944, 1), (982, 1), (990, 1), (1000, 1), (1019, 1), (1038, 1), (1040, 1), (1076, 1), (1080, 1), (1088, 1), (1091, 1), (1092, 1), (1093, 1), (1098, 1), (1156, 1), (1185, 1), (1188, 1), (1196, 1), (1223, 1), (1226, 1)]
6 ; [(31, 4), (503, 3), (875, 3), (370, 2), (592, 2), (975, 2), (25, 1), (90, 1), (195, 1), (326, 1), (438, 1), (440, 1), (441, 1), (511, 1), (586, 1), (593, 1), (722, 1), (731, 1), (734, 1), (805, 1), (922, 1), (963, 1), (1092, 1), (1093, 1)]
7 ; [(371, 4), (623, 4), (856, 4), (1064, 3), (256, 2), (439, 2), (1054, 2), (45, 1), (53, 1), (166, 1), (171, 1), (370, 1), (386, 1), (410, 1), (535, 1), (633, 1), (634, 1), (640, 1), (669, 1), (831, 1), (853, 1), (857, 1), (921, 1), (1027, 1), (1056, 1), (1057, 1), (1059, 1), (1161, 1)]
8 ; [(23, 4), (499, 4), (683, 3), (1125, 3), (439, 2), (169, 1), (322, 1), (370, 1), (386, 1), (435, 1), (463, 1), (496, 1), (497, 1), (498, 1), (503, 1), (605, 1), (710, 1), (750, 1), (771, 1), (867, 1), (875, 1), (944, 1)]
9 ; [(165, 4), (414, 4), (794, 3), (992, 2), (1115, 2), (174, 1), (362, 1), (370, 1), (443, 1), (1040, 1)]
10 ; [(30, 4), (157, 4), (170, 4), (296, 4), (413, 4), (581, 4), (676, 4), (878, 4), (1115, 4), (1218, 4), (443, 3), (728, 3), (1239, 3), (126, 2), (370, 2), (782, 2), (301, 1), (322, 1), (715, 1), (722, 1), (758, 1), (835, 1), (941, 1), (1215, 1), (1234, 1)]
11 ; [(796, 4), (798, 4), (909, 4), (991, 4), (96, 3), (518, 3), (428, 2), (772, 2), (36, 1), (46, 1), (186, 1), (301, 1), (649, 1), (652, 1), (659, 1), (799, 1), (835, 1), (837, 1), (908, 1), (1119, 1), (1178, 1), (1226, 1)]
12 ; [(70, 4), (443, 3), (466, 3), (181, 1), (755, 1), (918, 1), (1115, 1)]
13 ; [(156, 4), (301, 4), (314, 4), (791, 4), (322, 3), (443, 3), (695, 3), (902, 3), (462, 2), (763, 2), (370, 1), (522, 1), (643, 1), (715, 1), (719, 1), (722, 1), (764, 1), (822, 1), (900, 1), (978, 1), (1017, 1), (1033, 1), (1097, 1), (1124, 1)]
14 ; [(131, 4), (150, 4), (233, 4), (234, 4), (344, 4), (405, 4), (417, 4), (462, 4), (635, 4), (791, 4), (815, 4), (852, 4), (899, 4), (1100, 4), (1124, 4), (345, 3), (367, 3), (370, 3), (465, 3), (602, 3), (616, 3), (777, 3), (941, 3), (1008, 3), (1117, 3), (5, 2), (584, 2), (719, 2), (1013, 2), (1135, 2), (1234, 2), (89, 1), (92, 1), (135, 1), (156, 1), (203, 1), (232, 1), (291, 1), (297, 1), (314, 1), (319, 1), (356, 1), (379, 1), (413, 1), (419, 1), (421, 1), (424, 1), (492, 1), (662, 1), (695, 1), (809, 1), (889, 1), (930, 1), (1000, 1), (1206, 1)]
15 ; [(59, 4), (99, 4), (204, 4), (205, 4), (266, 4), (301, 4), (322, 4), (339, 4), (355, 4), (364, 4), (370, 4), (385, 4), (422, 4), (423, 4), (443, 4), (545, 4), (549, 4), (601, 4), (690, 4), (700, 4), (720, 4), (722, 4), (752, 4), (870, 4), (994, 4), (1184, 4), (1192, 4), (149, 3), (174, 3), (410, 3), (474, 3), (763, 3), (854, 3), (1235, 3), (197, 2), (398, 2), (603, 2), (642, 2), (725, 2), (747, 2), (764, 2), (863, 2), (900, 2), (944, 2), (1000, 2), (1013, 2), (1016, 2), (1162, 2), (17, 1), (63, 1), (72, 1), (91, 1), (95, 1), (97, 1), (98, 1), (135, 1), (226, 1), (232, 1), (238, 1), (297, 1), (350, 1), (354, 1), (408, 1), (413, 1), (414, 1), (420, 1), (424, 1), (426, 1), (434, 1), (550, 1), (611, 1), (643, 1), (657, 1), (673, 1), (724, 1), (729, 1), (731, 1), (735, 1), (767, 1), (792, 1), (794, 1), (816, 1), (822, 1), (833, 1), (837, 1), (844, 1), (853, 1), (857, 1), (875, 1), (888, 1), (889, 1), (990, 1), (993, 1), (1027, 1), (1033, 1), (1040, 1), (1093, 1), (1098, 1), (1115, 1), (1187, 1), (1195, 1), (1226, 1), (1232, 1), (1234, 1)]
16 ; [(46, 4), (89, 4), (95, 4), (182, 4), (186, 4), (301, 4), (322, 4), (364, 4), (370, 4), (396, 4), (443, 4), (466, 4), (468, 4), (475, 4), (649, 4), (659, 4), (722, 4), (727, 4), (756, 4), (772, 4), (799, 4), (834, 4), (935, 4), (993, 4), (1017, 4), (1192, 4), (129, 3), (181, 3), (240, 3), (314, 3), (376, 3), (424, 3), (518, 3), (522, 3), (594, 3), (641, 3), (642, 3), (755, 3), (763, 3), (872, 3), (901, 3), (1016, 3), (1154, 3), (1226, 3), (41, 2), (135, 2), (238, 2), (298, 2), (333, 2), (350, 2), (359, 2), (398, 2), (428, 2), (478, 2), (550, 2), (582, 2), (643, 2), (657, 2), (658, 2), (660, 2), (662, 2), (719, 2), (770, 2), (791, 2), (816, 2), (902, 2), (937, 2), (943, 2), (944, 2), (984, 2), (1000, 2), (1002, 2), (1234, 2), (5, 1), (10, 1), (17, 1), (36, 1), (69, 1), (72, 1), (92, 1), (97, 1), (98, 1), (126, 1), (130, 1), (132, 1), (134, 1), (148, 1), (150, 1), (168, 1), (189, 1), (197, 1), (202, 1), (205, 1), (212, 1), (225, 1), (226, 1), (255, 1), (288, 1), (290, 1), (292, 1), (297, 1), (320, 1), (330, 1), (331, 1), (357, 1), (386, 1), (413, 1), (421, 1), (434, 1), (462, 1), (472, 1), (473, 1), (489, 1), (490, 1), (510, 1), (512, 1), (553, 1), (559, 1), (581, 1), (586, 1), (615, 1), (616, 1), (656, 1), (673, 1), (676, 1), (708, 1), (709, 1), (711, 1), (715, 1), (723, 1), (724, 1), (725, 1), (729, 1), (730, 1), (731, 1), (735, 1), (758, 1), (762, 1), (764, 1), (767, 1), (783, 1), (797, 1), (809, 1), (810, 1), (822, 1), (835, 1), (837, 1), (844, 1), (867, 1), (870, 1), (875, 1), (882, 1), (888, 1), (889, 1), (893, 1), (896, 1), (919, 1), (928, 1), (932, 1), (938, 1), (941, 1), (970, 1), (974, 1), (990, 1), (991, 1), (994, 1), (1023, 1), (1033, 1), (1037, 1), (1051, 1), (1066, 1), (1076, 1), (1080, 1), (1098, 1), (1101, 1), (1115, 1), (1135, 1), (1158, 1), (1189, 1), (1232, 1)]
17 ; [(49, 4), (357, 4), (688, 4), (791, 4), (810, 4), (1101, 4), (89, 3), (359, 3), (370, 3), (662, 3), (1103, 3), (428, 2), (443, 2), (643, 2), (730, 2), (816, 2), (941, 2), (944, 2), (101, 1), (128, 1), (132, 1), (135, 1), (153, 1), (189, 1), (233, 1), (238, 1), (297, 1), (298, 1), (301, 1), (330, 1), (333, 1), (450, 1), (506, 1), (660, 1), (722, 1), (729, 1), (731, 1), (735, 1), (837, 1), (839, 1), (845, 1), (882, 1), (889, 1), (897, 1), (937, 1), (938, 1), (1000, 1), (1023, 1), (1040, 1), (1069, 1), (1080, 1), (1088, 1), (1115, 1), (1187, 1), (1234, 1)]
18 ; [(129, 4), (205, 3), (424, 3), (725, 3), (993, 3), (1016, 3), (370, 2), (656, 2), (657, 2), (658, 2), (660, 2), (935, 2), (1162, 2), (153, 1), (226, 1), (364, 1), (414, 1), (443, 1), (642, 1), (816, 1), (994, 1)]
19 ; [(432, 4), (487, 4), (506, 4), (618, 4), (626, 4), (672, 4), (688, 4), (693, 4), (897, 4), (1049, 4), (1103, 4), (21, 3), (359, 3), (370, 2), (49, 1), (398, 1), (455, 1), (936, 1), (944, 1), (1000, 1), (1129, 1), (1205, 1)]
20 ; [(126, 4), (207, 4), (208, 4), (220, 4), (278, 4), (286, 4), (287, 4), (290, 4), (292, 4), (538, 4), (539, 4), (540, 4), (544, 4), (758, 4), (823, 4), (924, 4), (962, 4), (1066, 4), (1115, 4), (1168, 4), (1213, 4), (1215, 4), (711, 3), (715, 3), (1239, 3), (283, 2), (288, 2), (370, 2), (824, 2), (970, 2), (1234, 2), (133, 1), (153, 1), (181, 1), (443, 1), (604, 1), (643, 1), (731, 1), (767, 1), (791, 1), (882, 1), (919, 1), (928, 1), (944, 1), (1080, 1), (1189, 1)]
21 ; [(68, 4), (251, 4), (708, 4), (709, 4), (1115, 4), (1158, 4), (941, 3), (98, 2), (719, 2), (97, 1), (181, 1), (413, 1), (416, 1), (434, 1), (443, 1), (551, 1), (615, 1), (676, 1), (722, 1), (751, 1), (756, 1), (757, 1), (932, 1), (1098, 1), (1189, 1)]
22 ; [(13, 4), (130, 4), (258, 4), (262, 4), (276, 4), (431, 4), (473, 4), (478, 4), (692, 4), (704, 4), (764, 4), (898, 4), (908, 4), (1083, 4), (1156, 4), (1194, 4), (370, 3), (503, 3), (671, 3), (788, 3), (880, 3), (39, 2), (237, 2), (342, 2), (343, 2), (510, 2), (512, 2), (514, 2), (590, 2), (654, 2), (774, 2), (843, 2), (871, 2), (881, 2), (1114, 2), (1166, 2), (67, 1), (69, 1), (104, 1), (189, 1), (197, 1), (221, 1), (226, 1), (247, 1), (322, 1), (325, 1), (333, 1), (350, 1), (365, 1), (392, 1), (464, 1), (465, 1), (586, 1), (682, 1), (713, 1), (729, 1), (731, 1), (735, 1), (845, 1), (882, 1), (888, 1), (942, 1), (946, 1), (968, 1), (1000, 1), (1033, 1), (1040, 1), (1093, 1), (1144, 1), (1195, 1)]
23 ; [(9, 4), (10, 4), (12, 4), (34, 4), (42, 4), (99, 4), (426, 4), (434, 4), (509, 4), (541, 4), (979, 4), (1114, 4), (859, 3), (11, 2), (322, 2), (350, 2), (370, 2), (716, 2), (888, 2), (1096, 2), (162, 1), (163, 1), (167, 1), (198, 1), (248, 1), (285, 1), (464, 1), (582, 1), (583, 1), (598, 1), (780, 1), (883, 1), (984, 1), (1156, 1), (1163, 1)]
24 ; [(254, 4), (647, 4), (913, 4), (915, 4), (926, 4), (1109, 4), (1195, 4), (210, 3), (1031, 3), (32, 2), (611, 2), (72, 1), (199, 1), (207, 1), (240, 1), (331, 1), (370, 1), (377, 1), (411, 1), (477, 1), (492, 1), (522, 1), (552, 1), (559, 1), (677, 1), (724, 1), (763, 1), (858, 1), (934, 1), (1000, 1), (1232, 1)]
25 ; [(72, 4), (411, 4), (431, 4), (503, 4), (647, 4), (858, 4), (913, 4), (926, 4), (1194, 4), (1195, 4), (74, 3), (83, 3), (106, 3), (198, 3), (465, 3), (569, 3), (84, 2), (120, 2), (162, 2), (370, 2), (881, 2), (1156, 2), (112, 1), (141, 1), (172, 1), (221, 1), (276, 1), (390, 1), (392, 1), (415, 1), (425, 1), (432, 1), (464, 1), (505, 1), (530, 1), (550, 1), (559, 1), (566, 1), (568, 1), (622, 1), (855, 1), (875, 1), (880, 1), (891, 1), (915, 1), (949, 1), (977, 1), (1027, 1), (1031, 1), (1083, 1), (1210, 1)]
26 ; [(104, 4), (199, 4), (281, 4), (285, 4), (328, 4), (431, 4), (610, 4), (617, 4), (665, 4), (807, 4), (1061, 4), (1144, 4), (1166, 4), (1194, 4), (342, 3), (942, 3), (74, 2), (343, 2), (774, 2), (881, 2), (221, 1), (333, 1), (370, 1), (392, 1), (434, 1), (442, 1), (465, 1), (485, 1), (488, 1), (490, 1), (713, 1), (855, 1), (1195, 1)]
27 ; [(599, 4), (905, 4), (98, 3), (913, 2), (179, 1), (756, 1), (858, 1), (912, 1), (1000, 1), (1083, 1), (1096, 1)]
28 ; [(215, 4), (351, 4), (352, 4), (370, 4), (477, 4), (759, 4), (822, 4), (1083, 4), (722, 3), (1000, 3), (135, 2), (724, 2), (763, 2), (942, 2), (1033, 2), (1040, 2), (1093, 2), (1192, 2), (1234, 2), (134, 1), (136, 1), (274, 1), (300, 1), (322, 1), (331, 1), (333, 1), (343, 1), (392, 1), (398, 1), (465, 1), (467, 1), (510, 1), (550, 1), (559, 1), (586, 1), (611, 1), (665, 1), (729, 1), (735, 1), (832, 1), (837, 1), (875, 1), (882, 1), (913, 1), (937, 1), (944, 1), (969, 1), (990, 1), (1187, 1), (1222, 1), (1226, 1)]
29 ; [(215, 4), (274, 4), (300, 4), (322, 4), (351, 4), (352, 4), (370, 4), (759, 4), (832, 4), (1192, 4), (15, 3), (353, 3), (477, 3), (722, 3), (763, 3), (944, 3), (333, 2), (350, 2), (714, 2), (724, 2), (822, 2), (942, 2), (1040, 2), (1234, 2), (100, 1), (343, 1), (385, 1), (392, 1), (434, 1), (442, 1), (510, 1), (553, 1), (687, 1), (729, 1), (764, 1), (788, 1), (837, 1), (875, 1), (937, 1), (1000, 1), (1033, 1), (1083, 1), (1093, 1), (1184, 1)]
30 ; [(433, 4), (586, 4), (880, 4), (911, 4), (1224, 4), (328, 2), (942, 2), (1001, 2), (117, 1), (332, 1), (492, 1), (557, 1), (687, 1), (775, 1), (881, 1), (1084, 1), (1234, 1)]
31 ; [(43, 4), (127, 4), (189, 4), (226, 4), (239, 4), (330, 4), (332, 4), (370, 4), (433, 4), (448, 4), (467, 4), (557, 4), (586, 4), (651, 4), (760, 4), (839, 4), (845, 4), (882, 4), (938, 4), (999, 4), (1020, 4), (1022, 4), (1036, 4), (1084, 4), (1233, 4), (136, 3), (628, 3), (942, 3), (1040, 3), (1224, 3), (168, 2), (331, 2), (551, 2), (620, 2), (701, 2), (722, 2), (729, 2), (937, 2), (940, 2), (1000, 2), (1187, 2), (1234, 2), (69, 1), (128, 1), (145, 1), (213, 1), (272, 1), (359, 1), (389, 1), (512, 1), (550, 1), (724, 1), (735, 1), (762, 1), (764, 1), (944, 1), (1093, 1), (1232, 1)]
32 ; [(184, 4), (389, 4), (433, 4), (722, 4), (586, 3), (212, 2), (239, 2), (1040, 2), (1234, 2), (43, 1), (127, 1), (128, 1), (181, 1), (189, 1), (226, 1), (315, 1), (330, 1), (331, 1), (370, 1), (467, 1), (473, 1), (489, 1), (506, 1), (735, 1), (764, 1), (882, 1), (937, 1), (999, 1), (1093, 1), (1220, 1)]
33 ; [(91, 4), (370, 4), (403, 4), (465, 4), (612, 4), (721, 4), (811, 4), (825, 4), (916, 4), (920, 4), (927, 4), (995, 4), (996, 4), (1052, 4), (1105, 4), (1113, 4), (1122, 4), (1183, 4), (1186, 4), (1234, 4), (94, 3), (210, 3), (359, 3), (637, 3), (638, 3), (797, 3), (818, 3), (978, 3), (1123, 3), (37, 2), (225, 2), (763, 2), (888, 2), (1189, 2), (65, 1), (96, 1), (297, 1), (404, 1), (413, 1), (515, 1), (663, 1), (719, 1), (731, 1), (764, 1), (773, 1), (793, 1), (795, 1), (822, 1), (846, 1), (882, 1), (889, 1), (981, 1), (1000, 1), (1023, 1), (1072, 1), (1098, 1), (1215, 1)]
34 ; [(37, 4), (65, 4), (261, 4), (403, 4), (404, 4), (465, 4), (471, 4), (637, 4), (638, 4), (721, 4), (773, 4), (795, 4), (817, 4), (846, 4), (916, 4), (995, 4), (76, 2), (1052, 2), (77, 1), (94, 1), (135, 1), (225, 1), (235, 1), (236, 1), (247, 1), (277, 1), (297, 1), (359, 1), (552, 1), (627, 1), (818, 1), (825, 1), (933, 1), (941, 1), (944, 1), (1000, 1), (1023, 1), (1186, 1), (1234, 1)]
35 ; [(210, 4), (1109, 4), (811, 3), (913, 3), (915, 3), (32, 1), (120, 1), (825, 1), (888, 1), (920, 1), (926, 1), (948, 1), (1105, 1), (1119, 1)]
36 ; [(612, 3), (722, 3), (1052, 3), (403, 2), (66, 1), (325, 1), (370, 1), (721, 1), (724, 1)]
37 ; [(3, 4), (33, 4), (35, 4), (38, 4), (71, 4), (120, 4), (131, 4), (158, 4), (175, 4), (203, 4), (225, 4), (234, 4), (247, 4), (280, 4), (318, 4), (319, 4), (378, 4), (379, 4), (380, 4), (465, 4), (470, 4), (476, 4), (482, 4), (483, 4), (491, 4), (492, 4), (600, 4), (627, 4), (697, 4), (712, 4), (717, 4), (815, 4), (817, 4), (831, 4), (835, 4), (849, 4), (877, 4), (930, 4), (933, 4), (942, 4), (946, 4), (991, 4), (1008, 4), (1014, 4), (1028, 4), (1126, 4), (1128, 4), (1131, 4), (1133, 4), (1174, 4), (1176, 4), (1178, 4), (1182, 4), (1234, 4), (28, 3), (333, 3), (774, 3), (866, 3), (1011, 3), (1135, 3), (65, 2), (76, 2), (231, 2), (238, 2), (334, 2), (370, 2), (428, 2), (871, 2), (4, 1), (116, 1), (119, 1), (148, 1), (150, 1), (220, 1), (233, 1), (291, 1), (294, 1), (342, 1), (345, 1), (392, 1), (403, 1), (433, 1), (443, 1), (510, 1), (512, 1), (514, 1), (596, 1), (671, 1), (711, 1), (721, 1), (731, 1), (776, 1), (818, 1), (888, 1), (941, 1), (944, 1), (1080, 1), (1130, 1)]
38 ; [(14, 4), (360, 4), (390, 4), (465, 4), (634, 4), (644, 4), (971, 4), (1068, 4), (1130, 4), (1136, 4), (1140, 4), (1234, 3), (117, 2), (646, 2), (666, 2), (873, 2), (1024, 2), (1146, 2), (1148, 2), (1160, 2), (76, 1), (142, 1), (252, 1), (370, 1), (392, 1), (444, 1), (503, 1), (505, 1), (510, 1), (572, 1), (573, 1), (621, 1), (622, 1), (627, 1), (702, 1), (729, 1), (776, 1), (786, 1), (856, 1), (862, 1), (866, 1), (881, 1), (882, 1), (888, 1), (990, 1), (1001, 1), (1027, 1), (1029, 1), (1059, 1), (1066, 1), (1072, 1), (1075, 1), (1230, 1)]
39 ; [(83, 4), (85, 4), (216, 4), (217, 4), (218, 4), (219, 4), (221, 4), (222, 4), (225, 4), (235, 4), (236, 4), (249, 4), (277, 4), (289, 4), (293, 4), (304, 4), (338, 4), (407, 4), (420, 4), (470, 4), (560, 4), (584, 4), (619, 4), (639, 4), (645, 4), (654, 4), (851, 4), (873, 4), (971, 4), (1137, 4), (1139, 4), (1141, 4), (1225, 4), (1234, 4), (252, 3), (263, 3), (356, 3), (412, 3), (553, 3), (573, 3), (716, 3), (1127, 3), (112, 2), (230, 2), (254, 2), (307, 2), (433, 2), (488, 2), (505, 2), (508, 2), (510, 2), (529, 2), (534, 2), (564, 2), (567, 2), (570, 2), (571, 2), (608, 2), (646, 2), (777, 2), (786, 2), (869, 2), (881, 2), (949, 2), (966, 2), (1001, 2), (1027, 2), (1029, 2), (1146, 2), (1148, 2), (1211, 2), (1230, 2), (3, 1), (67, 1), (74, 1), (76, 1), (84, 1), (102, 1), (107, 1), (108, 1), (135, 1), (143, 1), (226, 1), (233, 1), (244, 1), (248, 1), (276, 1), (297, 1), (301, 1), (306, 1), (308, 1), (342, 1), (343, 1), (360, 1), (365, 1), (366, 1), (370, 1), (392, 1), (404, 1), (453, 1), (465, 1), (490, 1), (494, 1), (503, 1), (530, 1), (532, 1), (535, 1), (563, 1), (565, 1), (566, 1), (568, 1), (569, 1), (572, 1), (576, 1), (586, 1), (610, 1), (621, 1), (622, 1), (627, 1), (647, 1), (652, 1), (702, 1), (729, 1), (738, 1), (739, 1), (740, 1), (744, 1), (746, 1), (749, 1), (776, 1), (845, 1), (849, 1), (862, 1), (882, 1), (888, 1), (889, 1), (892, 1), (902, 1), (918, 1), (942, 1), (944, 1), (990, 1), (1026, 1), (1044, 1), (1066, 1), (1070, 1), (1072, 1), (1076, 1), (1096, 1), (1135, 1), (1136, 1), (1140, 1), (1160, 1), (1161, 1), (1185, 1), (1194, 1), (1209, 1), (1210, 1), (1222, 1), (1224, 1), (1236, 1), (1238, 1)]
40 ; [(3, 4), (4, 4), (28, 4), (77, 4), (116, 4), (225, 4), (231, 4), (233, 4), (254, 4), (277, 4), (404, 4), (405, 4), (465, 4), (479, 4), (785, 4), (786, 4), (815, 4), (941, 4), (1008, 4), (1100, 4), (1117, 4), (1135, 4), (1137, 4), (1193, 4), (1234, 4), (95, 3), (240, 3), (294, 3), (899, 3), (1124, 3), (1139, 3), (1141, 3), (1230, 3), (109, 2), (119, 2), (150, 2), (252, 2), (293, 2), (344, 2), (370, 2), (417, 2), (420, 2), (560, 2), (573, 2), (954, 2), (1052, 2), (1080, 2), (1127, 2), (1133, 2), (1160, 2), (2, 1), (5, 1), (9, 1), (10, 1), (17, 1), (32, 1), (35, 1), (76, 1), (103, 1), (105, 1), (108, 1), (112, 1), (115, 1), (120, 1), (132, 1), (142, 1), (144, 1), (151, 1), (169, 1), (173, 1), (189, 1), (198, 1), (210, 1), (235, 1), (236, 1), (248, 1), (249, 1), (261, 1), (263, 1), (279, 1), (289, 1), (291, 1), (297, 1), (298, 1), (304, 1), (308, 1), (333, 1), (338, 1), (345, 1), (351, 1), (352, 1), (392, 1), (407, 1), (413, 1), (434, 1), (478, 1), (508, 1), (510, 1), (515, 1), (526, 1), (529, 1), (532, 1), (535, 1), (553, 1), (571, 1), (572, 1), (576, 1), (583, 1), (613, 1), (616, 1), (619, 1), (645, 1), (646, 1), (654, 1), (673, 1), (677, 1), (731, 1), (735, 1), (763, 1), (780, 1), (849, 1), (851, 1), (852, 1), (869, 1), (882, 1), (888, 1), (931, 1), (942, 1), (949, 1), (956, 1), (959, 1), (1000, 1), (1024, 1), (1027, 1), (1029, 1), (1105, 1), (1109, 1), (1126, 1), (1128, 1), (1130, 1), (1131, 1), (1132, 1), (1146, 1), (1148, 1), (1161, 1), (1192, 1)]
41 ; [(603, 4), (1106, 4), (1107, 4), (1108, 4), (1115, 4), (1190, 4), (998, 2), (46, 1), (296, 1), (301, 1), (322, 1), (370, 1), (392, 1), (941, 1), (1184, 1)]
42 ; [(57, 4), (92, 4), (209, 4), (301, 4), (317, 4), (337, 4), (416, 4), (505, 4), (585, 4), (695, 4), (245, 3), (443, 3), (931, 3), (1085, 3), (370, 2), (1234, 2), (5, 1), (46, 1), (135, 1), (297, 1), (314, 1), (322, 1), (339, 1), (434, 1), (489, 1), (509, 1), (550, 1), (586, 1), (601, 1), (719, 1), (722, 1), (724, 1), (731, 1), (763, 1), (764, 1), (770, 1), (822, 1), (837, 1), (888, 1), (944, 1), (1000, 1), (1033, 1), (1040, 1), (1093, 1), (1187, 1), (1192, 1), (1232, 1)]
43 ; [(54, 4), (66, 4), (124, 4), (125, 4), (140, 4), (172, 4), (370, 4), (418, 4), (440, 4), (441, 4), (504, 4), (568, 4), (960, 4), (1200, 4), (173, 3), (303, 3), (461, 3), (918, 3), (921, 3), (119, 2), (261, 2), (302, 2), (392, 2), (484, 2), (522, 2), (526, 2), (714, 2), (891, 2), (958, 2), (966, 2), (967, 2), (1167, 2), (1172, 2), (1199, 2), (3, 1), (4, 1), (28, 1), (65, 1), (91, 1), (94, 1), (135, 1), (137, 1), (147, 1), (199, 1), (221, 1), (294, 1), (301, 1), (307, 1), (308, 1), (311, 1), (324, 1), (334, 1), (361, 1), (386, 1), (404, 1), (430, 1), (471, 1), (490, 1), (493, 1), (505, 1), (527, 1), (560, 1), (562, 1), (563, 1), (570, 1), (571, 1), (575, 1), (636, 1), (655, 1), (693, 1), (694, 1), (707, 1), (733, 1), (737, 1), (741, 1), (758, 1), (793, 1), (795, 1), (817, 1), (818, 1), (864, 1), (889, 1), (913, 1), (916, 1), (944, 1), (975, 1), (982, 1), (997, 1), (1000, 1), (1080, 1), (1093, 1), (1094, 1), (1121, 1), (1156, 1), (1184, 1), (1185, 1), (1209, 1), (1216, 1)]
44 ; [(44, 4), (53, 4), (67, 4), (72, 4), (74, 4), (84, 4), (124, 4), (143, 4), (154, 4), (171, 4), (190, 4), (236, 4), (269, 4), (312, 4), (325, 4), (336, 4), (386, 4), (390, 4), (399, 4), (411, 4), (453, 4), (495, 4), (504, 4), (528, 4), (548, 4), (561, 4), (566, 4), (567, 4), (568, 4), (574, 4), (575, 4), (621, 4), (622, 4), (623, 4), (624, 4), (625, 4), (634, 4), (636, 4), (647, 4), (655, 4), (666, 4), (691, 4), (702, 4), (737, 4), (743, 4), (750, 4), (765, 4), (766, 4), (786, 4), (840, 4), (847, 4), (850, 4), (858, 4), (873, 4), (951, 4), (953, 4), (967, 4), (971, 4), (973, 4), (1024, 4), (1029, 4), (1030, 4), (1053, 4), (1055, 4), (1059, 4), (1072, 4), (1148, 4), (1156, 4), (1160, 4), (1185, 4), (1201, 4), (1202, 4), (1222, 4), (1230, 4), (235, 3), (242, 3), (243, 3), (244, 3), (264, 3), (415, 3), (436, 3), (569, 3), (570, 3), (572, 3), (841, 3), (1057, 3), (1146, 3), (1231, 3), (83, 2), (106, 2), (122, 2), (257, 2), (360, 2), (430, 2), (493, 2), (523, 2), (645, 2), (1142, 2), (45, 1), (108, 1), (118, 1), (121, 1), (125, 1), (135, 1), (138, 1), (142, 1), (166, 1), (172, 1), (276, 1), (297, 1), (310, 1), (370, 1), (371, 1), (381, 1), (392, 1), (409, 1), (435, 1), (465, 1), (503, 1), (538, 1), (563, 1), (576, 1), (590, 1), (608, 1), (747, 1), (767, 1), (856, 1), (862, 1), (875, 1), (961, 1), (1054, 1), (1070, 1), (1130, 1), (1136, 1), (1139, 1), (1144, 1), (1157, 1), (1196, 1), (1210, 1), (1212, 1)]
45 ; [(338, 4), (803, 4), (919, 4), (924, 4), (1159, 4), (289, 3), (290, 3), (292, 3), (293, 3), (538, 3), (287, 2), (758, 2), (278, 1), (283, 1), (286, 1), (288, 1), (540, 1), (715, 1), (1050, 1), (1168, 1)]
46 ; [(51, 4), (53, 4), (503, 4), (516, 4), (702, 4), (737, 4), (854, 4), (856, 4), (1212, 4), (410, 2), (553, 2), (370, 1), (430, 1), (500, 1), (568, 1), (623, 1), (857, 1), (1196, 1)]
47 ; [(163, 4), (295, 4), (406, 4), (505, 4), (684, 4), (694, 4), (906, 4), (1165, 4), (92, 3), (209, 3), (301, 3), (317, 3), (508, 3), (585, 3), (613, 3), (695, 3), (1058, 3), (172, 2), (707, 2), (998, 2), (1000, 2), (15, 1), (57, 1), (118, 1), (121, 1), (125, 1), (165, 1), (183, 1), (208, 1), (245, 1), (259, 1), (278, 1), (279, 1), (283, 1), (286, 1), (287, 1), (296, 1), (302, 1), (337, 1), (361, 1), (370, 1), (416, 1), (436, 1), (525, 1), (781, 1), (862, 1), (868, 1), (928, 1), (931, 1), (971, 1), (1013, 1), (1075, 1), (1106, 1), (1107, 1), (1108, 1), (1129, 1), (1132, 1), (1192, 1), (1194, 1), (1206, 1)]
48 ; [(154, 4), (336, 4), (436, 4), (453, 4), (568, 4), (576, 4), (850, 4), (1231, 4), (124, 3), (495, 3), (523, 3), (548, 3), (1142, 3), (44, 2), (257, 2), (493, 2), (967, 2), (72, 1), (74, 1), (143, 1), (190, 1), (312, 1), (386, 1), (422, 1), (566, 1), (691, 1), (765, 1), (766, 1), (786, 1), (1201, 1)]
49 ; [(138, 4), (143, 4), (313, 4), (436, 4), (493, 4), (504, 4), (568, 4), (624, 4), (625, 4), (953, 4), (972, 4), (1198, 4), (230, 3), (393, 3), (523, 3), (562, 3), (563, 3), (691, 3), (743, 3), (392, 2), (570, 2), (749, 2), (72, 1), (84, 1), (370, 1), (430, 1), (440, 1), (465, 1), (503, 1), (505, 1), (530, 1), (553, 1), (566, 1), (586, 1), (608, 1), (726, 1)]
50 ; [(259, 4), (435, 4), (495, 4), (548, 4), (848, 4), (953, 4), (961, 4), (1156, 4), (1157, 4), (1159, 4), (973, 3), (440, 2), (568, 2), (44, 1), (309, 1), (347, 1), (505, 1), (543, 1), (570, 1), (575, 1), (601, 1), (634, 1), (829, 1), (1058, 1), (1160, 1)]
51 ; [(26, 4), (67, 4), (72, 4), (84, 4), (85, 4), (112, 4), (114, 4), (122, 4), (137, 4), (141, 4), (142, 4), (191, 4), (201, 4), (214, 4), (225, 4), (235, 4), (236, 4), (249, 4), (254, 4), (270, 4), (302, 4), (303, 4), (304, 4), (305, 4), (306, 4), (308, 4), (325, 4), (365, 4), (366, 4), (370, 4), (386, 4), (392, 4), (400, 4), (407, 4), (418, 4), (419, 4), (442, 4), (444, 4), (445, 4), (465, 4), (481, 4), (484, 4), (490, 4), (494, 4), (498, 4), (501, 4), (504, 4), (528, 4), (529, 4), (530, 4), (531, 4), (532, 4), (534, 4), (535, 4), (553, 4), (560, 4), (563, 4), (564, 4), (565, 4), (566, 4), (568, 4), (569, 4), (570, 4), (572, 4), (573, 4), (574, 4), (575, 4), (605, 4), (608, 4), (646, 4), (681, 4), (685, 4), (726, 4), (738, 4), (739, 4), (740, 4), (741, 4), (744, 4), (746, 4), (748, 4), (749, 4), (827, 4), (829, 4), (864, 4), (869, 4), (892, 4), (918, 4), (921, 4), (949, 4), (950, 4), (957, 4), (958, 4), (966, 4), (1026, 4), (1044, 4), (1076, 4), (1120, 4), (1156, 4), (1167, 4), (1196, 4), (1200, 4), (1203, 4), (1204, 4), (1207, 4), (1208, 4), (1209, 4), (1210, 4), (1211, 4), (1212, 4), (1236, 4), (18, 3), (19, 3), (44, 3), (107, 3), (277, 3), (333, 3), (383, 3), (415, 3), (430, 3), (511, 3), (521, 3), (789, 3), (954, 3), (1024, 3), (1238, 3), (102, 2), (196, 2), (264, 2), (279, 2), (281, 2), (297, 2), (307, 2), (337, 2), (360, 2), (391, 2), (493, 2), (503, 2), (517, 2), (562, 2), (590, 2), (636, 2), (639, 2), (675, 2), (779, 2), (856, 2), (891, 2), (925, 2), (956, 2), (1070, 2), (1074, 2), (1, 1), (11, 1), (14, 1), (51, 1), (55, 1), (62, 1), (63, 1), (66, 1), (83, 1), (108, 1), (124, 1), (135, 1), (177, 1), (190, 1), (200, 1), (216, 1), (217, 1), (218, 1), (219, 1), (221, 1), (222, 1), (230, 1), (245, 1), (252, 1), (263, 1), (276, 1), (289, 1), (311, 1), (322, 1), (343, 1), (345, 1), (355, 1), (382, 1), (402, 1), (417, 1), (435, 1), (437, 1), (440, 1), (488, 1), (495, 1), (502, 1), (505, 1), (510, 1), (526, 1), (548, 1), (571, 1), (576, 1), (589, 1), (625, 1), (627, 1), (643, 1), (707, 1), (733, 1), (737, 1), (745, 1), (747, 1), (790, 1), (793, 1), (828, 1), (847, 1), (852, 1), (857, 1), (858, 1), (861, 1), (865, 1), (866, 1), (868, 1), (875, 1), (881, 1), (889, 1), (905, 1), (926, 1), (933, 1), (936, 1), (990, 1), (991, 1), (1001, 1), (1027, 1), (1057, 1), (1065, 1), (1079, 1), (1091, 1), (1127, 1), (1135, 1), (1137, 1), (1139, 1), (1141, 1), (1198, 1), (1199, 1), (1202, 1), (1234, 1)]
52 ; [(406, 4), (505, 1)]
53 ; [(432, 4), (987, 4), (401, 3), (447, 3), (577, 3), (1170, 3), (1228, 3), (1229, 3), (347, 2), (590, 2), (767, 2), (1, 1), (11, 1), (55, 1), (81, 1), (160, 1), (188, 1), (223, 1), (228, 1), (370, 1), (505, 1), (509, 1), (917, 1)]
54 ; [(11, 4), (211, 4), (223, 4), (228, 4), (229, 4), (358, 4), (369, 4), (382, 4), (401, 4), (402, 4), (432, 4), (485, 4), (631, 4), (632, 4), (812, 4), (819, 4), (904, 4), (964, 4), (1005, 4), (1007, 4), (1048, 4), (1060, 4), (1134, 4), (1163, 4), (1169, 4), (187, 3), (394, 3), (488, 3), (577, 3), (716, 3), (917, 3), (1164, 3), (55, 2), (333, 2), (341, 2), (347, 2), (505, 2), (513, 2), (552, 2), (590, 2), (626, 2), (767, 2), (941, 2), (990, 2), (1013, 2), (23, 1), (206, 1), (547, 1), (550, 1), (607, 1), (613, 1), (771, 1), (790, 1), (793, 1), (806, 1), (860, 1), (905, 1), (1003, 1), (1099, 1), (1171, 1), (1192, 1), (1237, 1)]
55 ; [(432, 4), (521, 4), (530, 4), (820, 4), (391, 3), (828, 3), (1205, 3), (232, 2), (463, 2), (505, 2), (640, 2), (779, 2), (890, 2), (1070, 2), (70, 1), (305, 1), (347, 1), (358, 1), (430, 1), (675, 1), (749, 1), (847, 1), (1056, 1), (1156, 1)]
56 ; [(767, 4), (181, 3), (212, 3), (89, 2), (185, 2), (288, 2), (290, 2), (292, 2), (1091, 2), (55, 1), (123, 1), (135, 1), (414, 1), (424, 1), (432, 1), (443, 1), (450, 1), (758, 1), (783, 1), (794, 1), (919, 1), (924, 1), (925, 1), (928, 1), (970, 1), (972, 1), (1066, 1), (1093, 1), (1102, 1), (1115, 1), (1234, 1), (1239, 1)]
57 ; [(1, 4), (223, 4), (590, 4), (987, 4), (178, 3), (346, 3), (370, 3), (394, 3), (432, 3), (588, 3), (778, 3), (790, 3), (860, 3), (865, 3), (905, 3), (983, 3), (986, 3), (988, 3), (1095, 3), (1173, 3), (160, 2), (188, 2), (282, 2), (812, 2), (890, 2), (989, 2), (1091, 2), (1203, 2), (6, 1), (8, 1), (11, 1), (62, 1), (79, 1), (80, 1), (81, 1), (177, 1), (200, 1), (228, 1), (369, 1), (397, 1), (415, 1), (447, 1), (513, 1), (577, 1), (668, 1), (784, 1), (833, 1), (1086, 1), (1090, 1), (1170, 1), (1171, 1)]
58 ; [(1, 4), (6, 4), (7, 4), (62, 4), (80, 4), (160, 4), (178, 4), (188, 4), (223, 4), (346, 4), (347, 4), (394, 4), (432, 4), (447, 4), (577, 4), (588, 4), (590, 4), (591, 4), (614, 4), (769, 4), (778, 4), (790, 4), (812, 4), (860, 4), (865, 4), (874, 4), (890, 4), (917, 4), (983, 4), (986, 4), (987, 4), (988, 4), (989, 4), (1170, 4), (1171, 4), (1173, 4), (55, 3), (63, 3), (82, 3), (179, 3), (187, 3), (228, 3), (229, 3), (271, 3), (369, 3), (505, 3), (513, 3), (589, 3), (631, 3), (668, 3), (905, 3), (1077, 3), (48, 2), (200, 2), (282, 2), (335, 2), (370, 2), (415, 2), (784, 2), (903, 2), (1025, 2), (1091, 2), (43, 1), (60, 1), (81, 1), (102, 1), (111, 1), (164, 1), (366, 1), (384, 1), (392, 1), (397, 1), (402, 1), (427, 1), (429, 1), (457, 1), (463, 1), (485, 1), (511, 1), (517, 1), (550, 1), (609, 1), (748, 1), (749, 1), (805, 1), (820, 1), (912, 1), (964, 1), (990, 1), (1005, 1), (1086, 1), (1090, 1), (1134, 1), (1228, 1), (1234, 1)]
59 ; [(55, 4), (102, 4), (214, 4), (223, 4), (228, 4), (229, 4), (279, 4), (284, 4), (365, 4), (366, 4), (394, 4), (397, 4), (401, 4), (402, 4), (432, 4), (505, 4), (509, 4), (513, 4), (565, 4), (577, 4), (668, 4), (670, 4), (689, 4), (767, 4), (784, 4), (812, 4), (833, 4), (865, 4), (903, 4), (905, 4), (936, 4), (989, 4), (1025, 4), (1074, 4), (1077, 4), (1095, 4), (1102, 4), (1163, 4), (1171, 4), (1205, 4), (48, 3), (84, 3), (107, 3), (191, 3), (275, 3), (335, 3), (370, 3), (572, 3), (574, 3), (588, 3), (590, 3), (608, 3), (790, 3), (1173, 3), (18, 2), (81, 2), (122, 2), (160, 2), (166, 2), (346, 2), (347, 2), (386, 2), (392, 2), (485, 2), (631, 2), (778, 2), (827, 2), (860, 2), (874, 2), (917, 2), (983, 2), (986, 2), (988, 2), (1044, 2), (1060, 2), (1091, 2), (1172, 2), (1, 1), (6, 1), (11, 1), (45, 1), (62, 1), (63, 1), (67, 1), (79, 1), (80, 1), (110, 1), (111, 1), (164, 1), (177, 1), (179, 1), (187, 1), (188, 1), (200, 1), (245, 1), (281, 1), (306, 1), (333, 1), (369, 1), (382, 1), (415, 1), (425, 1), (427, 1), (430, 1), (442, 1), (444, 1), (447, 1), (452, 1), (465, 1), (504, 1), (521, 1), (524, 1), (530, 1), (591, 1), (607, 1), (609, 1), (614, 1), (678, 1), (679, 1), (685, 1), (738, 1), (748, 1), (769, 1), (820, 1), (828, 1), (869, 1), (882, 1), (912, 1), (937, 1), (964, 1), (977, 1), (987, 1), (990, 1), (1005, 1), (1007, 1), (1056, 1), (1071, 1), (1075, 1), (1097, 1), (1134, 1), (1143, 1), (1170, 1), (1203, 1), (1228, 1), (1232, 1)]
60 ; [(100, 4), (241, 4), (348, 4), (698, 4), (1004, 4), (155, 3), (267, 3), (322, 3), (446, 3), (587, 3), (597, 3), (1041, 3), (1043, 3), (1047, 3), (17, 2), (519, 2), (653, 2), (990, 2), (1110, 2), (1192, 2), (87, 1), (340, 1), (354, 1), (370, 1), (550, 1), (722, 1), (724, 1), (751, 1), (764, 1), (1000, 1), (1040, 1), (1046, 1), (1104, 1), (1194, 1)]
61 ; [(195, 4), (196, 4), (383, 4), (437, 4), (501, 4), (502, 4), (505, 4), (531, 4), (605, 4), (685, 4), (754, 4), (969, 4), (1079, 4), (370, 3), (465, 3), (481, 3), (490, 3), (10, 2), (432, 2), (498, 2), (511, 2), (570, 2), (590, 2), (56, 1), (62, 1), (63, 1), (114, 1), (132, 1), (187, 1), (197, 1), (200, 1), (226, 1), (298, 1), (347, 1), (358, 1), (427, 1), (434, 1), (439, 1), (500, 1), (517, 1), (532, 1), (535, 1), (565, 1), (668, 1), (726, 1), (735, 1), (738, 1), (739, 1), (741, 1), (763, 1), (767, 1), (827, 1), (847, 1), (864, 1), (865, 1), (875, 1), (882, 1), (912, 1), (944, 1), (980, 1), (990, 1), (1040, 1), (1092, 1), (1093, 1), (1098, 1), (1188, 1), (1207, 1), (1208, 1), (1234, 1), (1236, 1)]
62 ; [(17, 4), (148, 4), (155, 4), (193, 4), (226, 4), (370, 4), (438, 4), (550, 4), (722, 4), (806, 4), (842, 4), (1073, 4), (1151, 4), (63, 3), (64, 3), (192, 3), (194, 3), (197, 3), (331, 3), (437, 3), (473, 3), (607, 3), (698, 3), (736, 3), (763, 3), (768, 3), (803, 3), (837, 3), (904, 3), (907, 3), (941, 3), (1214, 3), (56, 2), (144, 2), (200, 2), (238, 2), (297, 2), (333, 2), (348, 2), (354, 2), (359, 2), (382, 2), (558, 2), (663, 2), (703, 2), (724, 2), (761, 2), (764, 2), (882, 2), (888, 2), (990, 2), (1000, 2), (1023, 2), (1234, 2), (10, 1), (24, 1), (43, 1), (60, 1), (62, 1), (69, 1), (72, 1), (88, 1), (94, 1), (110, 1), (160, 1), (182, 1), (211, 1), (224, 1), (237, 1), (244, 1), (267, 1), (321, 1), (322, 1), (330, 1), (340, 1), (349, 1), (358, 1), (372, 1), (383, 1), (427, 1), (429, 1), (434, 1), (446, 1), (458, 1), (459, 1), (460, 1), (465, 1), (472, 1), (479, 1), (486, 1), (505, 1), (537, 1), (539, 1), (551, 1), (559, 1), (580, 1), (586, 1), (590, 1), (643, 1), (677, 1), (704, 1), (729, 1), (731, 1), (734, 1), (735, 1), (767, 1), (783, 1), (787, 1), (804, 1), (819, 1), (821, 1), (822, 1), (843, 1), (844, 1), (845, 1), (870, 1), (879, 1), (880, 1), (885, 1), (886, 1), (889, 1), (912, 1), (913, 1), (914, 1), (920, 1), (937, 1), (944, 1), (945, 1), (964, 1), (969, 1), (1022, 1), (1032, 1), (1033, 1), (1038, 1), (1039, 1), (1040, 1), (1042, 1), (1071, 1), (1080, 1), (1093, 1), (1104, 1), (1192, 1), (1195, 1), (1232, 1)]
63 ; [(429, 4), (463, 4), (1155, 4), (347, 3), (434, 3), (499, 3), (976, 3), (1171, 3), (1192, 3), (1228, 3), (1229, 3), (322, 2), (592, 2), (805, 2), (1, 1), (23, 1), (62, 1), (63, 1), (166, 1), (370, 1), (374, 1), (437, 1), (438, 1), (490, 1), (500, 1), (501, 1), (502, 1), (505, 1), (669, 1), (698, 1), (704, 1), (724, 1), (763, 1), (803, 1), (821, 1), (922, 1), (980, 1), (1040, 1), (1091, 1)]
64 ; [(22, 4), (64, 4), (372, 4), (437, 4), (814, 4), (842, 4), (1038, 4), (1195, 4), (370, 3), (17, 2), (144, 2), (148, 2), (197, 2), (963, 2), (20, 1), (24, 1), (155, 1), (160, 1), (227, 1), (267, 1), (322, 1), (331, 1), (349, 1), (358, 1), (382, 1), (434, 1), (472, 1), (550, 1), (590, 1), (605, 1), (606, 1), (674, 1), (698, 1), (703, 1), (722, 1), (724, 1), (768, 1), (844, 1), (882, 1), (889, 1), (907, 1), (944, 1), (1000, 1), (1033, 1), (1067, 1), (1071, 1), (1076, 1), (1091, 1), (1093, 1), (1188, 1)]
65 ; [(20, 4), (24, 4), (64, 4), (144, 4), (155, 4), (194, 4), (206, 4), (211, 4), (349, 4), (368, 4), (370, 4), (372, 4), (387, 4), (388, 4), (437, 4), (578, 4), (606, 4), (674, 4), (699, 4), (736, 4), (842, 4), (885, 4), (886, 4), (1038, 4), (1046, 4), (1073, 4), (1099, 4), (1151, 4), (1195, 4), (1237, 4), (22, 3), (192, 3), (722, 3), (904, 3), (964, 3), (1007, 3), (1045, 3), (1067, 3), (17, 2), (87, 2), (148, 2), (197, 2), (331, 2), (341, 2), (653, 2), (814, 2), (821, 2), (1048, 2), (93, 1), (132, 1), (135, 1), (224, 1), (227, 1), (238, 1), (267, 1), (297, 1), (322, 1), (323, 1), (358, 1), (383, 1), (386, 1), (519, 1), (539, 1), (543, 1), (546, 1), (550, 1), (587, 1), (597, 1), (599, 1), (611, 1), (629, 1), (763, 1), (788, 1), (803, 1), (819, 1), (833, 1), (882, 1), (889, 1), (913, 1), (963, 1), (990, 1), (1000, 1), (1006, 1), (1042, 1), (1092, 1), (1093, 1), (1149, 1), (1150, 1), (1153, 1), (1164, 1), (1188, 1), (1214, 1), (1232, 1), (1234, 1)]
66 ; [(322, 4), (348, 4), (370, 4), (429, 4), (434, 4), (1192, 4), (100, 3), (200, 3), (340, 3), (350, 3), (463, 3), (698, 3), (821, 3), (1155, 3), (17, 2), (148, 2), (558, 2), (763, 2), (944, 2), (1194, 2), (1, 1), (10, 1), (11, 1), (13, 1), (22, 1), (63, 1), (155, 1), (160, 1), (166, 1), (187, 1), (267, 1), (385, 1), (427, 1), (446, 1), (498, 1), (590, 1), (605, 1), (607, 1), (630, 1), (722, 1), (724, 1), (731, 1), (736, 1), (767, 1), (771, 1), (788, 1), (837, 1), (882, 1), (907, 1), (912, 1), (913, 1), (969, 1), (976, 1), (980, 1), (990, 1), (1004, 1), (1098, 1), (1104, 1), (1109, 1), (1134, 1), (1195, 1), (1214, 1), (1226, 1)]
67 ; [(148, 4), (370, 3), (472, 3), (910, 3), (914, 3), (724, 2), (842, 2), (43, 1), (61, 1), (354, 1), (473, 1), (519, 1), (764, 1), (1234, 1)]
68 ; [(90, 4), (206, 4), (349, 4), (543, 4), (904, 4), (1003, 4), (195, 3), (438, 3), (964, 3), (1099, 3), (1164, 3), (341, 2), (546, 2), (734, 2), (1048, 2), (11, 1), (64, 1), (135, 1), (297, 1), (327, 1), (331, 1), (358, 1), (359, 1), (370, 1), (437, 1), (550, 1), (607, 1), (632, 1), (819, 1), (826, 1), (838, 1), (882, 1), (889, 1), (913, 1), (944, 1), (969, 1), (1000, 1), (1040, 1), (1046, 1), (1093, 1), (1134, 1), (1149, 1), (1150, 1), (1172, 1), (1234, 1)]
69 ; [(193, 4), (359, 4), (363, 4), (370, 4), (438, 4), (703, 4), (907, 4), (944, 3), (1000, 3), (1234, 3), (327, 2), (326, 1), (550, 1), (724, 1), (837, 1)]
70 ; [(340, 4), (370, 4), (438, 4), (698, 4), (804, 4), (1009, 4), (1032, 4), (1104, 4), (944, 3), (1000, 3), (1234, 3), (327, 2), (17, 1), (722, 1), (837, 1), (952, 1), (1232, 1)]
71 ; [(148, 4), (11, 1), (56, 1), (327, 1), (370, 1), (547, 1)]
72 ; [(682, 4), (732, 4), (58, 3), (323, 3), (683, 3), (250, 1), (333, 1), (733, 1), (837, 1), (941, 1), (1000, 1), (1019, 1), (1125, 1)]
73 ; [(50, 4), (224, 4), (227, 4), (359, 4), (370, 4), (438, 4), (630, 4), (843, 4), (844, 4), (629, 3), (806, 3), (724, 1), (990, 1), (1000, 1), (1093, 1), (1228, 1), (1229, 1), (1234, 1)]
74 ; [(910, 4), (914, 4), (148, 3), (724, 2), (370, 1), (1000, 1), (1093, 1)]
75 ; [(316, 4), (370, 4), (446, 4), (359, 3), (944, 3), (1110, 3), (241, 2), (273, 2), (348, 2), (354, 2), (519, 2), (587, 2), (751, 2), (100, 1), (597, 1), (757, 1), (837, 1), (1043, 1), (1047, 1), (1234, 1), (1235, 1)]
76 ; [(437, 4), (606, 4), (1188, 4), (438, 3), (1007, 3), (359, 2), (370, 2), (1048, 2), (329, 1), (330, 1), (731, 1), (882, 1), (889, 1), (1023, 1), (1039, 1), (1080, 1), (1134, 1)]
77 ; [(27, 4), (90, 4), (195, 4), (224, 4), (323, 4), (327, 4), (359, 4), (370, 4), (437, 4), (438, 4), (546, 4), (629, 4), (630, 4), (734, 4), (754, 4), (843, 4), (844, 4), (939, 4), (963, 4), (1006, 4), (1012, 4), (1034, 4), (1035, 4), (1138, 4), (1149, 4), (1152, 4), (1153, 4), (1220, 4), (227, 3), (329, 3), (1150, 3), (1234, 3), (25, 2), (128, 2), (135, 2), (330, 2), (542, 2), (592, 2), (31, 1), (50, 1), (148, 1), (168, 1), (197, 1), (226, 1), (267, 1), (297, 1), (298, 1), (321, 1), (326, 1), (333, 1), (428, 1), (550, 1), (551, 1), (558, 1), (586, 1), (663, 1), (722, 1), (724, 1), (729, 1), (731, 1), (735, 1), (806, 1), (826, 1), (837, 1), (839, 1), (845, 1), (879, 1), (882, 1), (889, 1), (912, 1), (937, 1), (941, 1), (944, 1), (990, 1), (1023, 1), (1040, 1), (1080, 1), (1092, 1), (1093, 1), (1134, 1), (1188, 1), (1232, 1)]
78 ; [(159, 4), (253, 4), (255, 4), (320, 4), (373, 4), (452, 4), (680, 4), (686, 4), (802, 4), (1021, 4), (1111, 4), (1181, 4), (61, 3), (370, 3), (459, 3), (1091, 3), (1179, 3), (1180, 3), (146, 2), (152, 2), (179, 2), (427, 2), (438, 2), (556, 2), (1010, 2), (1071, 2), (1081, 2), (1227, 2), (1234, 2), (65, 1), (82, 1), (90, 1), (93, 1), (135, 1), (161, 1), (184, 1), (188, 1), (238, 1), (265, 1), (282, 1), (315, 1), (321, 1), (326, 1), (330, 1), (333, 1), (359, 1), (451, 1), (460, 1), (479, 1), (648, 1), (663, 1), (696, 1), (718, 1), (722, 1), (724, 1), (731, 1), (734, 1), (753, 1), (800, 1), (838, 1), (884, 1), (889, 1), (912, 1), (944, 1), (945, 1), (1015, 1), (1019, 1), (1042, 1), (1065, 1), (1069, 1), (1078, 1), (1086, 1), (1089, 1), (1090, 1), (1093, 1), (1112, 1), (1118, 1)]
79 ; [(123, 4), (438, 4), (648, 4), (650, 4), (1112, 4), (1181, 4), (320, 3), (359, 3), (373, 3), (384, 3), (923, 3), (945, 3), (1082, 3), (135, 2), (330, 2), (826, 2), (944, 2), (1091, 2), (1179, 2), (1234, 2), (65, 1), (75, 1), (132, 1), (146, 1), (148, 1), (179, 1), (184, 1), (255, 1), (315, 1), (333, 1), (370, 1), (427, 1), (452, 1), (663, 1), (829, 1), (838, 1), (882, 1), (912, 1), (1000, 1), (1010, 1), (1023, 1), (1065, 1), (1089, 1)]
80 ; [(458, 4), (460, 4), (753, 4), (800, 4), (1078, 4), (1227, 4), (696, 3), (945, 3), (1042, 3), (1234, 3), (159, 2), (238, 2), (333, 2), (1071, 2), (61, 1), (135, 1), (152, 1), (330, 1), (427, 1), (438, 1), (451, 1), (452, 1), (453, 1), (459, 1), (612, 1), (663, 1), (722, 1), (884, 1), (912, 1), (1010, 1), (1065, 1), (1091, 1), (1179, 1), (1180, 1)]
81 ; [(321, 4), (370, 4), (438, 4), (546, 4), (734, 4), (90, 3), (326, 3), (542, 3), (1092, 3), (941, 2), (31, 1), (93, 1), (132, 1), (135, 1), (195, 1), (253, 1), (359, 1), (550, 1), (551, 1), (586, 1), (592, 1), (729, 1), (731, 1), (944, 1), (990, 1), (1134, 1), (1232, 1), (1234, 1)]
82 ; [(25, 4), (90, 4), (93, 4), (135, 4), (253, 4), (321, 4), (326, 4), (359, 4), (370, 4), (438, 4), (546, 4), (734, 4), (963, 4), (327, 3), (542, 3), (1003, 3), (1234, 3), (159, 2), (458, 2), (543, 2), (941, 2), (944, 2), (31, 1), (132, 1), (148, 1), (152, 1), (189, 1), (195, 1), (197, 1), (238, 1), (297, 1), (330, 1), (331, 1), (333, 1), (427, 1), (550, 1), (551, 1), (586, 1), (592, 1), (722, 1), (724, 1), (729, 1), (731, 1), (826, 1), (837, 1), (845, 1), (879, 1), (882, 1), (889, 1), (904, 1), (912, 1), (937, 1), (952, 1), (990, 1), (1000, 1), (1040, 1), (1078, 1), (1092, 1), (1150, 1), (1188, 1), (1227, 1), (1232, 1)]
83 ; [(18, 4), (166, 4), (432, 4), (1203, 4), (370, 3), (1102, 3), (1143, 3), (447, 2), (505, 2), (590, 2), (1077, 2), (187, 1), (238, 1), (366, 1), (394, 1), (427, 1), (430, 1), (463, 1), (501, 1), (517, 1), (550, 1), (609, 1), (668, 1), (767, 1), (905, 1), (912, 1), (988, 1), (989, 1), (1074, 1), (1091, 1), (1170, 1), (1171, 1)]
84 ; [(160, 4), (8, 2), (922, 2), (986, 2), (1112, 2), (333, 1), (346, 1), (384, 1), (555, 1), (590, 1), (778, 1), (837, 1), (912, 1), (952, 1), (1086, 1), (1179, 1)]
85 ; [(29, 4), (202, 4), (1018, 4), (1118, 4), (58, 3), (475, 3), (982, 3), (200, 2), (370, 2), (88, 1), (98, 1), (179, 1), (250, 1), (427, 1), (432, 1), (438, 1), (469, 1), (589, 1), (590, 1), (724, 1), (732, 1), (733, 1), (888, 1), (912, 1), (941, 1), (969, 1), (983, 1), (1019, 1), (1022, 1), (1036, 1), (1065, 1)]
86 ; [(8, 4), (110, 4), (148, 4), (271, 4), (346, 4), (554, 4), (590, 4), (160, 3), (370, 3), (722, 3), (769, 3), (983, 3), (135, 2), (152, 2), (238, 2), (330, 2), (505, 2), (763, 2), (944, 2), (945, 2), (1000, 2), (1091, 2), (1173, 2), (61, 1), (85, 1), (200, 1), (384, 1), (427, 1), (555, 1), (577, 1), (586, 1), (731, 1), (922, 1), (952, 1), (990, 1), (1015, 1), (1033, 1), (1071, 1), (1077, 1), (1086, 1), (1090, 1), (1112, 1), (1118, 1), (1181, 1), (1227, 1), (1232, 1), (1234, 1)]
87 ; [(187, 4), (228, 4), (229, 4), (369, 4), (370, 4), (432, 4), (1005, 4), (1015, 4), (438, 3), (590, 3), (860, 3), (1060, 3), (223, 2), (333, 2), (401, 2), (513, 2), (550, 2), (631, 2), (812, 2), (819, 2), (1071, 2), (1134, 2), (382, 1), (394, 1), (485, 1), (632, 1), (668, 1), (722, 1), (833, 1), (945, 1), (990, 1), (1007, 1), (1025, 1), (1032, 1), (1163, 1), (1169, 1), (1180, 1), (1234, 1)]
88 ; [(457, 4), (1091, 4), (370, 3), (590, 3), (614, 3), (678, 2), (679, 2), (443, 1), (668, 1), (702, 1), (945, 1), (990, 1), (1134, 1), (1144, 1)]
89 ; [(176, 4), (260, 4), (469, 4), (79, 3), (905, 3), (912, 3), (177, 2), (706, 2), (152, 1), (179, 1), (265, 1), (370, 1), (479, 1), (590, 1), (778, 1), (1065, 1), (1086, 1)]
90 ; [(7, 4), (176, 4), (177, 4), (200, 4), (265, 4), (451, 4), (590, 4), (884, 4), (912, 4), (1086, 4), (260, 3), (479, 3), (1090, 3), (1091, 3), (778, 2), (160, 1), (161, 1), (370, 1), (505, 1), (589, 1), (763, 1), (874, 1), (987, 1), (1065, 1), (1071, 1), (1089, 1), (1234, 1), (1238, 1)]
91 ; [(29, 4), (57, 4), (58, 4), (59, 4), (69, 4), (88, 4), (95, 4), (97, 4), (98, 4), (139, 4), (174, 4), (182, 4), (250, 4), (266, 4), (267, 4), (294, 4), (322, 4), (339, 4), (353, 4), (362, 4), (370, 4), (376, 4), (381, 4), (385, 4), (395, 4), (396, 4), (413, 4), (422, 4), (468, 4), (475, 4), (550, 4), (552, 4), (594, 4), (598, 4), (615, 4), (641, 4), (700, 4), (722, 4), (728, 4), (732, 4), (733, 4), (752, 4), (756, 4), (759, 4), (763, 4), (770, 4), (781, 4), (787, 4), (797, 4), (801, 4), (808, 4), (822, 4), (833, 4), (859, 4), (870, 4), (893, 4), (965, 4), (974, 4), (985, 4), (997, 4), (998, 4), (1000, 4), (1018, 4), (1095, 4), (1098, 4), (1118, 4), (1177, 4), (1184, 4), (1189, 4), (1216, 4), (1217, 4), (1219, 4), (1226, 4), (103, 3), (105, 3), (109, 3), (116, 3), (119, 3), (183, 3), (186, 3), (202, 3), (204, 3), (240, 3), (314, 3), (317, 3), (359, 3), (364, 3), (466, 3), (474, 3), (478, 3), (579, 3), (603, 3), (611, 3), (682, 3), (683, 3), (684, 3), (695, 3), (764, 3), (784, 3), (796, 3), (799, 3), (803, 3), (900, 3), (1097, 3), (1125, 3), (11, 2), (15, 2), (17, 2), (46, 2), (115, 2), (199, 2), (241, 2), (297, 2), (351, 2), (352, 2), (354, 2), (361, 2), (398, 2), (423, 2), (434, 2), (443, 2), (486, 2), (508, 2), (512, 2), (545, 2), (559, 2), (601, 2), (690, 2), (714, 2), (720, 2), (724, 2), (772, 2), (791, 2), (798, 2), (836, 2), (872, 2), (888, 2), (935, 2), (941, 2), (982, 2), (990, 2), (1191, 2), (1234, 2), (1235, 2), (1, 1), (3, 1), (4, 1), (8, 1), (9, 1), (13, 1), (21, 1), (30, 1), (32, 1), (33, 1), (40, 1), (41, 1), (45, 1), (50, 1), (56, 1), (60, 1), (78, 1), (92, 1), (94, 1), (100, 1), (118, 1), (121, 1), (122, 1), (124, 1), (128, 1), (134, 1), (135, 1), (147, 1), (163, 1), (166, 1), (170, 1), (173, 1), (181, 1), (189, 1), (211, 1), (226, 1), (237, 1), (242, 1), (243, 1), (244, 1), (248, 1), (256, 1), (259, 1), (261, 1), (263, 1), (264, 1), (265, 1), (268, 1), (272, 1), (274, 1), (275, 1), (276, 1), (278, 1), (279, 1), (281, 1), (283, 1), (286, 1), (287, 1), (300, 1), (301, 1), (331, 1), (333, 1), (348, 1), (355, 1), (392, 1), (405, 1), (412, 1), (416, 1), (426, 1), (428, 1), (431, 1), (454, 1), (455, 1), (473, 1), (485, 1), (489, 1), (538, 1), (549, 1), (551, 1), (553, 1), (562, 1), (582, 1), (586, 1), (626, 1), (642, 1), (643, 1), (648, 1), (659, 1), (667, 1), (673, 1), (688, 1), (694, 1), (704, 1), (719, 1), (725, 1), (727, 1), (729, 1), (731, 1), (735, 1), (751, 1), (762, 1), (767, 1), (768, 1), (771, 1), (773, 1), (779, 1), (782, 1), (788, 1), (794, 1), (809, 1), (834, 1), (835, 1), (838, 1), (844, 1), (854, 1), (866, 1), (867, 1), (868, 1), (875, 1), (880, 1), (882, 1), (883, 1), (894, 1), (896, 1), (897, 1), (906, 1), (913, 1), (914, 1), (944, 1), (947, 1), (992, 1), (993, 1), (1019, 1), (1023, 1), (1033, 1), (1040, 1), (1041, 1), (1043, 1), (1047, 1), (1051, 1), (1054, 1), (1056, 1), (1057, 1), (1058, 1), (1063, 1), (1080, 1), (1085, 1), (1091, 1), (1093, 1), (1103, 1), (1106, 1), (1107, 1), (1108, 1), (1115, 1), (1116, 1), (1119, 1), (1134, 1), (1186, 1), (1192, 1), (1232, 1)]
92 ; [(213, 4), (258, 4), (472, 4), (473, 4), (489, 4), (599, 4), (661, 4), (722, 4), (724, 4), (783, 4), (842, 4), (879, 4), (952, 4), (1000, 4), (1033, 4), (1147, 4), (1195, 4), (1232, 4), (1234, 4), (113, 4), (145, 4), (180, 4), (272, 4), (135, 3), (238, 3), (354, 3), (370, 3), (611, 3), (705, 3), (778, 3), (914, 3), (934, 3), (226, 2), (333, 2), (377, 2), (465, 2), (514, 2), (550, 2), (559, 2), (763, 2), (764, 2), (858, 2), (910, 2), (930, 2), (941, 2), (990, 2), (1192, 2), (93, 2), (467, 2), (489, 2), (586, 2), (17, 1), (43, 1), (111, 1), (130, 1), (136, 1), (148, 1), (181, 1), (185, 1), (189, 1), (193, 1), (200, 1), (342, 1), (392, 1), (429, 1), (434, 1), (446, 1), (479, 1), (492, 1), (503, 1), (510, 1), (586, 1), (596, 1), (607, 1), (643, 1), (653, 1), (671, 1), (687, 1), (692, 1), (729, 1), (731, 1), (735, 1), (767, 1), (788, 1), (804, 1), (806, 1), (822, 1), (824, 1), (826, 1), (837, 1), (838, 1), (839, 1), (845, 1), (856, 1), (859, 1), (883, 1), (888, 1), (889, 1), (908, 1), (915, 1), (926, 1), (940, 1), (944, 1), (946, 1), (1014, 1), (1023, 1), (1031, 1), (1040, 1), (1066, 1), (1071, 1), (1093, 1), (1151, 1), (1186, 1), (1188, 1), (1226, 1), (1227, 1), (422, 1), (550, 1), (722, 1), (724, 1), (873, 1), (999, 1), (1000, 1), (1020, 1), (1023, 1), (1033, 1), (1233, 1)]
94 ; [(309, 4), (311, 4), (440, 4), (494, 4), (498, 4), (536, 4), (742, 4), (745, 4), (955, 4), (1121, 4), (1143, 4), (1156, 4), (1197, 4), (1199, 4), (1204, 4), (1223, 4), (78, 2), (209, 2), (370, 2), (789, 2), (114, 1), (122, 1), (123, 1), (137, 1), (192, 1), (270, 1), (277, 1), (282, 1), (322, 1), (359, 1), (400, 1), (435, 1), (436, 1), (442, 1), (504, 1), (505, 1), (533, 1), (571, 1), (1016, 1), (1091, 1), (1092, 1), (1158, 1), (1200, 1)]
95 ; [(30, 4), (603, 3), (606, 3), (12, 1), (43, 1), (192, 1), (257, 1), (322, 1), (1097, 1)]
96 ; [(75, 4), (454, 4), (455, 4), (673, 4), (40, 2), (520, 2), (526, 2), (9, 1), (43, 1), (527, 1), (883, 1), (1087, 1)]
97 ; [(539, 4), (757, 4), (751, 3), (140, 2), (416, 2), (52, 1), (68, 1), (135, 1), (190, 1), (392, 1), (538, 1)]
98 ; [(145, 4), (728, 4), (782, 4), (180, 3), (272, 3), (787, 3), (985, 3), (1118, 2), (270, 1), (362, 1), (467, 1), (595, 1), (667, 1), (1018, 1), (1019, 1)]
99 ; [(268, 4), (324, 4), (449, 4), (992, 3), (1191, 2)]
100 ; [(183, 4), (370, 4), (579, 4), (1000, 4), (1017, 4), (59, 2), (803, 2), (833, 2), (1097, 2), (1232, 2), (1033, 1)]