1 ; [(533, 8), (139, 7), (441, 7), (151, 6), (461, 5), (875, 5), (526, 3), (370, 2), (440, 2), (502, 2), (520, 2), (527, 2), (921, 2), (922, 2), (166, 1), (311, 1), (392, 1), (439, 1), (454, 1), (503, 1), (505, 1), (522, 1), (593, 1), (619, 1), (737, 1), (742, 1), (789, 1), (827, 1), (835, 1), (861, 1), (891, 1), (1175, 1), (1185, 1), (1222, 1)]
2 ; [(875, 3), (434, 2), (592, 2), (169, 1), (454, 1), (498, 1), (499, 1)]
3 ; [(633, 8), (139, 7), (375, 7), (856, 6), (454, 5), (527, 5), (440, 4), (1144, 4), (311, 2), (370, 2), (526, 2), (604, 2), (742, 2), (1196, 2), (23, 1), (40, 1), (190, 1), (221, 1), (246, 1), (309, 1), (325, 1), (345, 1), (347, 1), (356, 1), (374, 1), (439, 1), (515, 1), (520, 1), (524, 1), (533, 1), (535, 1), (560, 1), (561, 1), (571, 1), (584, 1), (623, 1), (733, 1), (854, 1), (950, 1), (967, 1), (1161, 1), (1172, 1), (1175, 1)]
4 ; [(604, 8), (876, 8), (711, 7), (669, 2), (503, 1), (538, 1), (539, 1), (540, 1), (553, 1)]
5 ; [(151, 8), (374, 8), (439, 8), (593, 8), (875, 8), (47, 7), (499, 7), (503, 7), (633, 7), (710, 7), (23, 6), (256, 6), (497, 6), (498, 6), (533, 6), (805, 6), (856, 6), (861, 6), (975, 6), (1064, 6), (370, 5), (461, 5), (496, 5), (895, 5), (980, 5), (1144, 5), (500, 4), (1175, 4), (325, 3), (347, 3), (465, 3), (511, 3), (114, 2), (343, 2), (386, 2), (430, 2), (516, 2), (524, 2), (553, 2), (592, 2), (604, 2), (711, 2), (724, 2), (731, 2), (733, 2), (843, 2), (867, 2), (876, 2), (888, 2), (889, 2), (982, 2), (990, 2), (1000, 2), (1092, 2), (1093, 2), (50, 1), (60, 1), (132, 1), (135, 1), (139, 1), (169, 1), (189, 1), (190, 1), (197, 1), (200, 1), (226, 1), (265, 1), (297, 1), (298, 1), (299, 1), (311, 1), (312, 1), (333, 1), (349, 1), (369, 1), (371, 1), (392, 1), (410, 1), (420, 1), (427, 1), (428, 1), (434, 1), (437, 1), (440, 1), (441, 1), (450, 1), (478, 1), (501, 1), (502, 1), (505, 1), (513, 1), (520, 1), (531, 1), (549, 1), (559, 1), (561, 1), (568, 1), (590, 1), (605, 1), (669, 1), (701, 1), (702, 1), (722, 1), (729, 1), (750, 1), (761, 1), (763, 1), (772, 1), (779, 1), (788, 1), (845, 1), (857, 1), (864, 1), (925, 1), (935, 1), (943, 1), (944, 1), (1019, 1), (1038, 1), (1040, 1), (1076, 1), (1080, 1), (1088, 1), (1091, 1), (1098, 1), (1156, 1), (1185, 1), (1188, 1), (1196, 1), (1223, 1), (1226, 1)]
6 ; [(31, 8), (503, 5), (875, 4), (370, 2), (592, 2), (734, 2), (975, 2), (1093, 2), (25, 1), (90, 1), (195, 1), (326, 1), (438, 1), (440, 1), (441, 1), (511, 1), (586, 1), (593, 1), (722, 1), (731, 1), (805, 1), (922, 1), (963, 1), (1092, 1)]
7 ; [(371, 7), (623, 6), (856, 5), (1064, 4), (166, 2), (256, 2), (439, 2), (1054, 2), (45, 1), (53, 1), (171, 1), (370, 1), (386, 1), (410, 1), (535, 1), (633, 1), (634, 1), (640, 1), (669, 1), (831, 1), (853, 1), (857, 1), (921, 1), (1027, 1), (1056, 1), (1057, 1), (1059, 1), (1161, 1)]
8 ; [(23, 6), (499, 6), (683, 6), (1125, 6), (439, 2), (169, 1), (322, 1), (370, 1), (386, 1), (435, 1), (463, 1), (496, 1), (497, 1), (498, 1), (503, 1), (605, 1), (710, 1), (750, 1), (771, 1), (867, 1), (875, 1), (944, 1)]
9 ; [(414, 8), (165, 6), (794, 4), (1115, 3), (992, 2), (174, 1), (362, 1), (370, 1), (443, 1), (1040, 1)]
10 ; [(157, 8), (413, 8), (581, 8), (676, 7), (878, 7), (1115, 7), (1218, 7), (30, 6), (296, 6), (170, 5), (443, 4), (728, 3), (1239, 3), (126, 2), (370, 2), (782, 2), (301, 1), (322, 1), (715, 1), (722, 1), (758, 1), (835, 1), (941, 1), (1215, 1), (1234, 1)]
11 ; [(796, 8), (909, 8), (991, 8), (798, 7), (96, 5), (518, 4), (428, 3), (772, 2), (1226, 2), (36, 1), (46, 1), (186, 1), (301, 1), (649, 1), (652, 1), (659, 1), (799, 1), (835, 1), (837, 1), (908, 1), (1119, 1), (1178, 1)]
12 ; [(70, 7), (466, 6), (443, 5), (181, 1), (755, 1), (918, 1), (1115, 1)]
13 ; [(314, 8), (156, 6), (791, 6), (301, 5), (322, 5), (695, 5), (443, 4), (902, 3), (462, 2), (763, 2), (1124, 2), (370, 1), (522, 1), (643, 1), (715, 1), (719, 1), (722, 1), (764, 1), (822, 1), (900, 1), (978, 1), (1017, 1), (1033, 1), (1097, 1)]
14 ; [(150, 8), (815, 8), (852, 8), (899, 8), (1100, 8), (131, 7), (462, 7), (635, 7), (791, 7), (1124, 7), (233, 6), (344, 6), (405, 6), (1008, 6), (1117, 6), (234, 5), (345, 5), (367, 5), (417, 5), (616, 5), (465, 4), (777, 4), (370, 3), (602, 3), (941, 3), (1135, 3), (5, 2), (419, 2), (584, 2), (719, 2), (930, 2), (1013, 2), (1234, 2), (89, 1), (92, 1), (135, 1), (156, 1), (203, 1), (232, 1), (291, 1), (297, 1), (314, 1), (319, 1), (356, 1), (379, 1), (413, 1), (421, 1), (424, 1), (492, 1), (662, 1), (695, 1), (809, 1), (889, 1), (1000, 1), (1206, 1)]
15 ; [(204, 8), (266, 8), (385, 8), (422, 8), (443, 8), (720, 8), (870, 8), (1184, 8), (1192, 8), (59, 7), (205, 7), (301, 7), (322, 7), (339, 7), (423, 7), (601, 7), (700, 7), (752, 7), (99, 6), (174, 6), (355, 6), (545, 6), (549, 6), (690, 6), (722, 6), (994, 6), (1235, 6), (364, 5), (370, 5), (410, 4), (474, 4), (763, 4), (149, 3), (854, 3), (944, 3), (1000, 3), (1162, 3), (197, 2), (226, 2), (398, 2), (603, 2), (642, 2), (725, 2), (747, 2), (764, 2), (822, 2), (844, 2), (863, 2), (900, 2), (990, 2), (1013, 2), (1016, 2), (1040, 2), (1098, 2), (1115, 2), (1226, 2), (17, 1), (63, 1), (72, 1), (91, 1), (95, 1), (97, 1), (98, 1), (135, 1), (232, 1), (238, 1), (297, 1), (350, 1), (354, 1), (408, 1), (413, 1), (414, 1), (420, 1), (424, 1), (426, 1), (434, 1), (550, 1), (611, 1), (643, 1), (657, 1), (673, 1), (724, 1), (729, 1), (731, 1), (735, 1), (767, 1), (792, 1), (794, 1), (816, 1), (833, 1), (837, 1), (853, 1), (857, 1), (875, 1), (888, 1), (889, 1), (993, 1), (1027, 1), (1033, 1), (1093, 1), (1187, 1), (1195, 1), (1232, 1), (1234, 1)]
16 ; [(89, 8), (95, 8), (182, 8), (301, 8), (396, 8), (443, 8), (799, 8), (834, 8), (186, 7), (466, 7), (475, 7), (649, 7), (659, 7), (727, 7), (772, 7), (322, 6), (364, 6), (370, 6), (376, 6), (468, 6), (594, 6), (722, 6), (993, 6), (1017, 6), (129, 5), (240, 5), (314, 5), (872, 5), (901, 5), (1226, 5), (46, 4), (424, 4), (522, 4), (641, 4), (642, 4), (756, 4), (763, 4), (935, 4), (1154, 4), (1192, 4), (135, 3), (181, 3), (359, 3), (428, 3), (518, 3), (550, 3), (755, 3), (1000, 3), (1016, 3), (41, 2), (69, 2), (226, 2), (238, 2), (298, 2), (333, 2), (350, 2), (398, 2), (478, 2), (582, 2), (643, 2), (657, 2), (658, 2), (660, 2), (662, 2), (676, 2), (719, 2), (731, 2), (764, 2), (770, 2), (791, 2), (816, 2), (822, 2), (844, 2), (882, 2), (888, 2), (889, 2), (902, 2), (937, 2), (943, 2), (944, 2), (984, 2), (1002, 2), (1023, 2), (1080, 2), (1098, 2), (1101, 2), (1115, 2), (1234, 2), (5, 1), (10, 1), (17, 1), (36, 1), (72, 1), (92, 1), (97, 1), (98, 1), (126, 1), (130, 1), (132, 1), (134, 1), (148, 1), (150, 1), (168, 1), (189, 1), (197, 1), (202, 1), (205, 1), (212, 1), (225, 1), (255, 1), (288, 1), (290, 1), (292, 1), (297, 1), (320, 1), (330, 1), (331, 1), (357, 1), (386, 1), (413, 1), (421, 1), (434, 1), (462, 1), (472, 1), (473, 1), (489, 1), (490, 1), (510, 1), (512, 1), (553, 1), (559, 1), (581, 1), (586, 1), (615, 1), (616, 1), (656, 1), (673, 1), (708, 1), (709, 1), (711, 1), (715, 1), (723, 1), (724, 1), (725, 1), (729, 1), (730, 1), (735, 1), (758, 1), (762, 1), (767, 1), (783, 1), (797, 1), (809, 1), (810, 1), (835, 1), (837, 1), (867, 1), (870, 1), (875, 1), (893, 1), (896, 1), (919, 1), (928, 1), (932, 1), (938, 1), (941, 1), (970, 1), (974, 1), (990, 1), (991, 1), (994, 1), (1033, 1), (1037, 1), (1051, 1), (1066, 1), (1076, 1), (1135, 1), (1158, 1), (1189, 1), (1232, 1)]
17 ; [(49, 7), (688, 7), (1101, 7), (791, 6), (810, 6), (89, 5), (662, 5), (357, 4), (359, 4), (1103, 4), (370, 3), (428, 3), (816, 3), (153, 2), (301, 2), (443, 2), (643, 2), (730, 2), (731, 2), (735, 2), (882, 2), (889, 2), (941, 2), (944, 2), (1088, 2), (101, 1), (128, 1), (132, 1), (135, 1), (189, 1), (233, 1), (238, 1), (297, 1), (298, 1), (330, 1), (333, 1), (450, 1), (506, 1), (660, 1), (722, 1), (729, 1), (837, 1), (839, 1), (845, 1), (897, 1), (937, 1), (938, 1), (1000, 1), (1023, 1), (1040, 1), (1069, 1), (1080, 1), (1115, 1), (1187, 1), (1234, 1)]
18 ; [(129, 7), (205, 5), (1016, 4), (424, 3), (725, 3), (993, 3), (226, 2), (370, 2), (414, 2), (656, 2), (657, 2), (658, 2), (660, 2), (935, 2), (1162, 2), (153, 1), (364, 1), (443, 1), (642, 1), (816, 1), (994, 1)]
19 ; [(487, 8), (506, 8), (618, 8), (626, 8), (688, 8), (693, 8), (897, 8), (1103, 8), (672, 7), (1049, 7), (21, 6), (432, 6), (359, 3), (370, 2), (49, 1), (398, 1), (455, 1), (936, 1), (944, 1), (1000, 1), (1129, 1), (1205, 1)]
20 ; [(540, 8), (758, 8), (823, 8), (924, 8), (962, 8), (1066, 8), (1115, 8), (1168, 8), (1213, 8), (1215, 8), (207, 7), (208, 7), (220, 7), (538, 7), (126, 6), (278, 5), (286, 5), (287, 5), (290, 5), (292, 5), (539, 5), (544, 5), (711, 4), (1239, 4), (715, 3), (133, 2), (153, 2), (283, 2), (288, 2), (370, 2), (824, 2), (882, 2), (970, 2), (1234, 2), (181, 1), (443, 1), (604, 1), (643, 1), (731, 1), (767, 1), (791, 1), (919, 1), (928, 1), (944, 1), (1080, 1), (1189, 1)]
21 ; [(709, 8), (708, 7), (1158, 7), (68, 6), (251, 6), (1115, 6), (98, 3), (941, 3), (97, 2), (443, 2), (719, 2), (1098, 2), (181, 1), (413, 1), (416, 1), (434, 1), (551, 1), (615, 1), (676, 1), (722, 1), (751, 1), (756, 1), (757, 1), (932, 1), (1189, 1)]
22 ; [(13, 8), (130, 8), (276, 8), (692, 8), (258, 7), (898, 7), (262, 6), (764, 6), (1083, 6), (431, 5), (473, 5), (478, 5), (704, 5), (1194, 5), (370, 4), (880, 4), (908, 4), (1156, 4), (39, 3), (503, 3), (671, 3), (788, 3), (843, 3), (881, 3), (1114, 3), (237, 2), (342, 2), (343, 2), (510, 2), (512, 2), (514, 2), (590, 2), (654, 2), (731, 2), (774, 2), (845, 2), (871, 2), (882, 2), (888, 2), (1000, 2), (1166, 2), (67, 1), (69, 1), (104, 1), (189, 1), (197, 1), (221, 1), (226, 1), (247, 1), (322, 1), (325, 1), (333, 1), (350, 1), (365, 1), (392, 1), (464, 1), (465, 1), (586, 1), (682, 1), (713, 1), (729, 1), (735, 1), (942, 1), (946, 1), (968, 1), (1033, 1), (1040, 1), (1093, 1), (1144, 1), (1195, 1)]
23 ; [(34, 8), (42, 8), (509, 8), (541, 8), (979, 8), (1114, 8), (9, 7), (10, 7), (12, 7), (426, 7), (434, 6), (99, 5), (859, 5), (370, 3), (716, 3), (888, 3), (11, 2), (322, 2), (350, 2), (582, 2), (598, 2), (984, 2), (1096, 2), (162, 1), (163, 1), (167, 1), (198, 1), (248, 1), (285, 1), (464, 1), (583, 1), (780, 1), (883, 1), (1156, 1), (1163, 1)]
24 ; [(647, 8), (913, 8), (1109, 8), (210, 6), (915, 6), (926, 6), (254, 5), (1195, 5), (1031, 3), (32, 2), (552, 2), (611, 2), (724, 2), (72, 1), (199, 1), (207, 1), (240, 1), (331, 1), (370, 1), (377, 1), (411, 1), (477, 1), (492, 1), (522, 1), (559, 1), (677, 1), (763, 1), (858, 1), (934, 1), (1000, 1), (1232, 1)]
25 ; [(431, 8), (913, 8), (647, 7), (72, 6), (926, 6), (411, 5), (503, 5), (858, 5), (1194, 5), (1195, 5), (74, 4), (106, 4), (198, 4), (465, 4), (83, 3), (120, 3), (569, 3), (881, 3), (84, 2), (162, 2), (370, 2), (432, 2), (880, 2), (1156, 2), (112, 1), (141, 1), (172, 1), (221, 1), (276, 1), (390, 1), (392, 1), (415, 1), (425, 1), (464, 1), (505, 1), (530, 1), (550, 1), (559, 1), (566, 1), (568, 1), (622, 1), (855, 1), (875, 1), (891, 1), (915, 1), (949, 1), (977, 1), (1027, 1), (1031, 1), (1083, 1), (1210, 1)]
26 ; [(199, 8), (281, 8), (431, 8), (617, 8), (1061, 8), (1144, 8), (104, 7), (610, 7), (285, 6), (807, 6), (1166, 6), (328, 5), (665, 5), (1194, 5), (342, 4), (881, 3), (942, 3), (74, 2), (343, 2), (442, 2), (774, 2), (221, 1), (333, 1), (370, 1), (392, 1), (434, 1), (465, 1), (485, 1), (488, 1), (490, 1), (713, 1), (855, 1), (1195, 1)]
27 ; [(599, 8), (905, 7), (98, 4), (756, 2), (913, 2), (1096, 2), (179, 1), (858, 1), (912, 1), (1000, 1), (1083, 1)]
28 ; [(351, 6), (352, 6), (477, 6), (822, 6), (215, 5), (370, 5), (759, 5), (1083, 5), (722, 4), (1000, 4), (135, 3), (724, 3), (763, 3), (1033, 3), (1040, 3), (1093, 3), (1192, 3), (1234, 3), (300, 2), (322, 2), (882, 2), (942, 2), (990, 2), (134, 1), (136, 1), (274, 1), (331, 1), (333, 1), (343, 1), (392, 1), (398, 1), (465, 1), (467, 1), (510, 1), (550, 1), (559, 1), (586, 1), (611, 1), (665, 1), (729, 1), (735, 1), (832, 1), (837, 1), (875, 1), (913, 1), (937, 1), (944, 1), (969, 1), (1187, 1), (1222, 1), (1226, 1)]
29 ; [(274, 8), (322, 8), (215, 7), (300, 7), (351, 7), (352, 7), (759, 7), (832, 7), (353, 6), (1192, 6), (370, 5), (15, 4), (477, 4), (722, 4), (763, 4), (944, 4), (714, 3), (724, 3), (822, 3), (1234, 3), (333, 2), (350, 2), (942, 2), (1040, 2), (1083, 2), (100, 1), (343, 1), (385, 1), (392, 1), (434, 1), (442, 1), (510, 1), (553, 1), (687, 1), (729, 1), (764, 1), (788, 1), (837, 1), (875, 1), (937, 1), (1000, 1), (1033, 1), (1093, 1), (1184, 1)]
30 ; [(433, 7), (911, 7), (586, 6), (880, 6), (1224, 6), (117, 2), (328, 2), (557, 2), (942, 2), (1001, 2), (332, 1), (492, 1), (687, 1), (775, 1), (881, 1), (1084, 1), (1234, 1)]
31 ; [(43, 8), (239, 8), (332, 8), (433, 8), (467, 8), (557, 8), (586, 8), (760, 8), (845, 8), (999, 8), (1084, 8), (1233, 8), (448, 7), (651, 7), (1020, 7), (1022, 7), (226, 6), (839, 6), (938, 6), (1036, 6), (127, 5), (189, 5), (882, 5), (330, 4), (370, 4), (942, 4), (1040, 4), (1224, 4), (136, 3), (628, 3), (1234, 3), (145, 2), (168, 2), (331, 2), (551, 2), (620, 2), (701, 2), (722, 2), (729, 2), (937, 2), (940, 2), (1000, 2), (1093, 2), (1187, 2), (69, 1), (128, 1), (213, 1), (272, 1), (359, 1), (389, 1), (512, 1), (550, 1), (724, 1), (735, 1), (762, 1), (764, 1), (944, 1), (1232, 1)]
32 ; [(184, 8), (722, 6), (389, 5), (433, 5), (586, 3), (189, 2), (212, 2), (239, 2), (1040, 2), (1234, 2), (43, 1), (127, 1), (128, 1), (181, 1), (226, 1), (315, 1), (330, 1), (331, 1), (370, 1), (467, 1), (473, 1), (489, 1), (506, 1), (735, 1), (764, 1), (882, 1), (937, 1), (999, 1), (1093, 1), (1220, 1)]
33 ; [(91, 8), (465, 8), (612, 8), (721, 8), (811, 8), (825, 8), (916, 8), (996, 8), (1052, 8), (1105, 8), (1113, 8), (403, 7), (920, 7), (1186, 7), (1234, 7), (94, 6), (210, 6), (370, 6), (637, 6), (638, 6), (818, 6), (927, 6), (1183, 6), (797, 5), (995, 5), (1122, 5), (978, 4), (1123, 4), (225, 3), (359, 3), (888, 3), (37, 2), (404, 2), (413, 2), (763, 2), (764, 2), (889, 2), (1189, 2), (65, 1), (96, 1), (297, 1), (515, 1), (663, 1), (719, 1), (731, 1), (773, 1), (793, 1), (795, 1), (822, 1), (846, 1), (882, 1), (981, 1), (1000, 1), (1023, 1), (1072, 1), (1098, 1), (1215, 1)]
34 ; [(37, 8), (404, 8), (465, 8), (637, 8), (638, 8), (721, 8), (795, 8), (817, 8), (846, 8), (995, 8), (65, 7), (261, 7), (403, 7), (471, 7), (916, 7), (773, 6), (76, 2), (94, 2), (225, 2), (1052, 2), (77, 1), (135, 1), (235, 1), (236, 1), (247, 1), (277, 1), (297, 1), (359, 1), (552, 1), (627, 1), (818, 1), (825, 1), (933, 1), (941, 1), (944, 1), (1000, 1), (1023, 1), (1186, 1), (1234, 1)]
35 ; [(210, 8), (1109, 8), (915, 5), (811, 4), (913, 4), (32, 1), (120, 1), (825, 1), (888, 1), (920, 1), (926, 1), (948, 1), (1105, 1), (1119, 1)]
36 ; [(722, 6), (1052, 6), (612, 5), (370, 2), (403, 2), (66, 1), (325, 1), (721, 1), (724, 1)]
37 ; [(33, 8), (38, 8), (131, 8), (158, 8), (175, 8), (225, 8), (234, 8), (318, 8), (379, 8), (380, 8), (465, 8), (482, 8), (483, 8), (491, 8), (492, 8), (600, 8), (697, 8), (717, 8), (815, 8), (849, 8), (877, 8), (946, 8), (1008, 8), (1014, 8), (1028, 8), (1126, 8), (1133, 8), (1176, 8), (35, 7), (120, 7), (203, 7), (378, 7), (712, 7), (817, 7), (831, 7), (835, 7), (930, 7), (991, 7), (1128, 7), (1174, 7), (1178, 7), (1182, 7), (3, 6), (247, 6), (280, 6), (470, 6), (476, 6), (1131, 6), (1234, 6), (28, 5), (319, 5), (627, 5), (942, 5), (71, 4), (333, 4), (866, 4), (933, 4), (76, 3), (231, 3), (370, 3), (774, 3), (871, 3), (1011, 3), (1135, 3), (65, 2), (238, 2), (334, 2), (428, 2), (731, 2), (4, 1), (116, 1), (119, 1), (148, 1), (150, 1), (220, 1), (233, 1), (291, 1), (294, 1), (342, 1), (345, 1), (392, 1), (403, 1), (433, 1), (443, 1), (510, 1), (512, 1), (514, 1), (596, 1), (671, 1), (711, 1), (721, 1), (776, 1), (818, 1), (888, 1), (941, 1), (944, 1), (1080, 1), (1130, 1)]
38 ; [(390, 8), (14, 7), (360, 7), (1068, 7), (1130, 7), (1136, 7), (465, 6), (634, 6), (971, 6), (1140, 6), (644, 5), (1234, 4), (873, 3), (117, 2), (622, 2), (646, 2), (666, 2), (702, 2), (882, 2), (990, 2), (1024, 2), (1146, 2), (1148, 2), (1160, 2), (76, 1), (142, 1), (252, 1), (370, 1), (392, 1), (444, 1), (503, 1), (505, 1), (510, 1), (572, 1), (573, 1), (621, 1), (627, 1), (729, 1), (776, 1), (786, 1), (856, 1), (862, 1), (866, 1), (881, 1), (888, 1), (1001, 1), (1027, 1), (1029, 1), (1059, 1), (1066, 1), (1072, 1), (1075, 1), (1230, 1)]
39 ; [(225, 8), (85, 7), (216, 7), (217, 7), (218, 7), (219, 7), (221, 7), (235, 7), (236, 7), (277, 7), (338, 7), (407, 7), (560, 7), (639, 7), (971, 7), (1139, 7), (83, 6), (222, 6), (249, 6), (289, 6), (293, 6), (304, 6), (420, 6), (470, 6), (584, 6), (619, 6), (654, 6), (851, 6), (873, 6), (1137, 6), (1141, 6), (645, 5), (1225, 5), (1234, 5), (412, 4), (553, 4), (230, 3), (252, 3), (263, 3), (356, 3), (433, 3), (505, 3), (529, 3), (573, 3), (716, 3), (869, 3), (949, 3), (966, 3), (1127, 3), (1211, 3), (1230, 3), (108, 2), (112, 2), (254, 2), (307, 2), (308, 2), (342, 2), (343, 2), (404, 2), (465, 2), (488, 2), (494, 2), (508, 2), (510, 2), (534, 2), (563, 2), (564, 2), (567, 2), (570, 2), (571, 2), (608, 2), (622, 2), (646, 2), (702, 2), (738, 2), (739, 2), (740, 2), (746, 2), (777, 2), (786, 2), (881, 2), (882, 2), (918, 2), (990, 2), (1001, 2), (1027, 2), (1029, 2), (1146, 2), (1148, 2), (1238, 2), (3, 1), (67, 1), (74, 1), (76, 1), (84, 1), (102, 1), (107, 1), (135, 1), (143, 1), (226, 1), (233, 1), (244, 1), (248, 1), (276, 1), (297, 1), (301, 1), (306, 1), (360, 1), (365, 1), (366, 1), (370, 1), (392, 1), (453, 1), (490, 1), (503, 1), (530, 1), (532, 1), (535, 1), (565, 1), (566, 1), (568, 1), (569, 1), (572, 1), (576, 1), (586, 1), (610, 1), (621, 1), (627, 1), (647, 1), (652, 1), (729, 1), (744, 1), (749, 1), (776, 1), (845, 1), (849, 1), (862, 1), (888, 1), (889, 1), (892, 1), (902, 1), (942, 1), (944, 1), (1026, 1), (1044, 1), (1066, 1), (1070, 1), (1072, 1), (1076, 1), (1096, 1), (1135, 1), (1136, 1), (1140, 1), (1160, 1), (1161, 1), (1185, 1), (1194, 1), (1209, 1), (1210, 1), (1222, 1), (1224, 1), (1236, 1)]
40 ; [(233, 8), (465, 8), (1234, 8), (3, 7), (4, 7), (28, 7), (225, 7), (231, 7), (404, 7), (405, 7), (785, 7), (786, 7), (1008, 7), (77, 6), (116, 6), (254, 6), (277, 6), (815, 6), (1100, 6), (1117, 6), (1135, 6), (479, 5), (1124, 5), (1137, 5), (1139, 5), (1193, 5), (95, 4), (240, 4), (899, 4), (941, 4), (1141, 4), (1230, 4), (150, 3), (252, 3), (294, 3), (417, 3), (420, 3), (1127, 3), (109, 2), (119, 2), (151, 2), (293, 2), (344, 2), (370, 2), (508, 2), (560, 2), (573, 2), (954, 2), (1052, 2), (1080, 2), (1105, 2), (1131, 2), (1133, 2), (1160, 2), (2, 1), (5, 1), (9, 1), (10, 1), (17, 1), (32, 1), (35, 1), (76, 1), (103, 1), (105, 1), (108, 1), (112, 1), (115, 1), (120, 1), (132, 1), (142, 1), (144, 1), (169, 1), (173, 1), (189, 1), (198, 1), (210, 1), (235, 1), (236, 1), (248, 1), (249, 1), (261, 1), (263, 1), (279, 1), (289, 1), (291, 1), (297, 1), (298, 1), (304, 1), (308, 1), (333, 1), (338, 1), (345, 1), (351, 1), (352, 1), (392, 1), (407, 1), (413, 1), (434, 1), (478, 1), (510, 1), (515, 1), (526, 1), (529, 1), (532, 1), (535, 1), (553, 1), (571, 1), (572, 1), (576, 1), (583, 1), (613, 1), (616, 1), (619, 1), (645, 1), (646, 1), (654, 1), (673, 1), (677, 1), (731, 1), (735, 1), (763, 1), (780, 1), (849, 1), (851, 1), (852, 1), (869, 1), (882, 1), (888, 1), (931, 1), (942, 1), (949, 1), (956, 1), (959, 1), (1000, 1), (1024, 1), (1027, 1), (1029, 1), (1109, 1), (1126, 1), (1128, 1), (1130, 1), (1132, 1), (1146, 1), (1148, 1), (1161, 1), (1192, 1)]
41 ; [(1106, 8), (1107, 8), (1108, 8), (1190, 8), (603, 7), (1115, 6), (998, 2), (46, 1), (296, 1), (301, 1), (322, 1), (370, 1), (392, 1), (941, 1), (1184, 1)]
42 ; [(57, 8), (209, 8), (317, 8), (585, 8), (695, 8), (92, 7), (416, 7), (505, 7), (337, 6), (443, 6), (301, 5), (245, 3), (931, 3), (1085, 3), (370, 2), (722, 2), (1234, 2), (5, 1), (46, 1), (135, 1), (297, 1), (314, 1), (322, 1), (339, 1), (434, 1), (489, 1), (509, 1), (550, 1), (586, 1), (601, 1), (719, 1), (724, 1), (731, 1), (763, 1), (764, 1), (770, 1), (822, 1), (837, 1), (888, 1), (944, 1), (1000, 1), (1033, 1), (1040, 1), (1093, 1), (1187, 1), (1192, 1), (1232, 1)]
43 ; [(125, 8), (140, 8), (172, 8), (440, 8), (441, 8), (504, 8), (568, 8), (960, 8), (66, 7), (418, 7), (124, 6), (1200, 6), (54, 5), (173, 5), (303, 5), (370, 5), (461, 4), (921, 4), (119, 3), (918, 3), (958, 3), (1199, 3), (137, 2), (261, 2), (302, 2), (392, 2), (484, 2), (522, 2), (526, 2), (714, 2), (891, 2), (966, 2), (967, 2), (975, 2), (1000, 2), (1167, 2), (1172, 2), (3, 1), (4, 1), (28, 1), (65, 1), (91, 1), (94, 1), (135, 1), (147, 1), (199, 1), (221, 1), (294, 1), (301, 1), (307, 1), (308, 1), (311, 1), (324, 1), (334, 1), (361, 1), (386, 1), (404, 1), (430, 1), (471, 1), (490, 1), (493, 1), (505, 1), (527, 1), (560, 1), (562, 1), (563, 1), (570, 1), (571, 1), (575, 1), (636, 1), (655, 1), (693, 1), (694, 1), (707, 1), (733, 1), (737, 1), (741, 1), (758, 1), (793, 1), (795, 1), (817, 1), (818, 1), (864, 1), (889, 1), (913, 1), (916, 1), (944, 1), (982, 1), (997, 1), (1080, 1), (1093, 1), (1094, 1), (1121, 1), (1156, 1), (1184, 1), (1185, 1), (1209, 1), (1216, 1)]
44 ; [(44, 8), (53, 8), (74, 8), (124, 8), (190, 8), (312, 8), (411, 8), (453, 8), (495, 8), (504, 8), (548, 8), (566, 8), (567, 8), (568, 8), (574, 8), (575, 8), (621, 8), (622, 8), (623, 8), (625, 8), (634, 8), (636, 8), (655, 8), (691, 8), (702, 8), (737, 8), (743, 8), (750, 8), (765, 8), (766, 8), (786, 8), (840, 8), (847, 8), (850, 8), (873, 8), (951, 8), (953, 8), (967, 8), (973, 8), (1024, 8), (1029, 8), (1030, 8), (1053, 8), (1055, 8), (1059, 8), (1201, 8), (1202, 8), (1222, 8), (143, 7), (154, 7), (171, 7), (269, 7), (386, 7), (390, 7), (528, 7), (561, 7), (624, 7), (1148, 7), (1160, 7), (1185, 7), (72, 6), (236, 6), (244, 6), (436, 6), (569, 6), (647, 6), (858, 6), (971, 6), (1072, 6), (1156, 6), (1230, 6), (67, 5), (84, 5), (235, 5), (242, 5), (243, 5), (336, 5), (399, 5), (415, 5), (666, 5), (1146, 5), (264, 4), (325, 4), (570, 4), (572, 4), (1057, 4), (841, 3), (1142, 3), (1231, 3), (83, 2), (106, 2), (122, 2), (138, 2), (257, 2), (360, 2), (430, 2), (493, 2), (523, 2), (645, 2), (1130, 2), (45, 1), (108, 1), (118, 1), (121, 1), (125, 1), (135, 1), (142, 1), (166, 1), (172, 1), (276, 1), (297, 1), (310, 1), (370, 1), (371, 1), (381, 1), (392, 1), (409, 1), (435, 1), (465, 1), (503, 1), (538, 1), (563, 1), (576, 1), (590, 1), (608, 1), (747, 1), (767, 1), (856, 1), (862, 1), (875, 1), (961, 1), (1054, 1), (1070, 1), (1136, 1), (1139, 1), (1144, 1), (1157, 1), (1196, 1), (1210, 1), (1212, 1)]
45 ; [(1159, 8), (803, 7), (919, 7), (924, 7), (338, 6), (289, 5), (292, 5), (293, 5), (538, 5), (290, 3), (287, 2), (758, 2), (278, 1), (283, 1), (286, 1), (288, 1), (540, 1), (715, 1), (1050, 1), (1168, 1)]
46 ; [(51, 8), (53, 8), (737, 8), (503, 7), (702, 7), (516, 5), (856, 5), (1212, 5), (854, 4), (553, 3), (410, 2), (857, 2), (370, 1), (430, 1), (500, 1), (568, 1), (623, 1), (1196, 1)]
47 ; [(163, 8), (684, 8), (1165, 8), (406, 7), (505, 7), (694, 7), (906, 7), (92, 6), (209, 6), (295, 6), (317, 6), (585, 6), (1058, 6), (508, 5), (613, 5), (695, 5), (301, 4), (172, 3), (15, 2), (165, 2), (707, 2), (998, 2), (1000, 2), (57, 1), (118, 1), (121, 1), (125, 1), (183, 1), (208, 1), (245, 1), (259, 1), (278, 1), (279, 1), (283, 1), (286, 1), (287, 1), (296, 1), (302, 1), (337, 1), (361, 1), (370, 1), (416, 1), (436, 1), (525, 1), (781, 1), (862, 1), (868, 1), (928, 1), (931, 1), (971, 1), (1013, 1), (1075, 1), (1106, 1), (1107, 1), (1108, 1), (1129, 1), (1132, 1), (1192, 1), (1194, 1), (1206, 1)]
48 ; [(154, 8), (336, 8), (436, 8), (453, 8), (568, 8), (576, 8), (850, 8), (1231, 7), (124, 6), (495, 6), (523, 6), (548, 6), (1142, 6), (44, 2), (143, 2), (257, 2), (493, 2), (967, 2), (72, 1), (74, 1), (190, 1), (312, 1), (386, 1), (422, 1), (566, 1), (691, 1), (765, 1), (766, 1), (786, 1), (1201, 1)]
49 ; [(138, 8), (143, 8), (313, 8), (436, 8), (493, 8), (624, 8), (972, 8), (1198, 8), (504, 7), (953, 7), (230, 6), (393, 6), (523, 6), (562, 6), (563, 6), (568, 6), (625, 6), (691, 6), (743, 6), (392, 2), (570, 2), (749, 2), (72, 1), (84, 1), (370, 1), (430, 1), (440, 1), (465, 1), (503, 1), (505, 1), (530, 1), (553, 1), (566, 1), (586, 1), (608, 1), (726, 1)]
50 ; [(259, 8), (435, 8), (495, 8), (548, 8), (848, 8), (961, 8), (1157, 8), (953, 7), (973, 5), (1156, 5), (1159, 5), (440, 2), (568, 2), (44, 1), (309, 1), (347, 1), (505, 1), (543, 1), (570, 1), (575, 1), (601, 1), (634, 1), (829, 1), (1058, 1), (1160, 1)]
51 ; [(85, 8), (122, 8), (141, 8), (201, 8), (214, 8), (225, 8), (249, 8), (306, 8), (444, 8), (445, 8), (481, 8), (490, 8), (504, 8), (535, 8), (560, 8), (564, 8), (565, 8), (569, 8), (572, 8), (573, 8), (574, 8), (575, 8), (646, 8), (685, 8), (726, 8), (738, 8), (739, 8), (740, 8), (741, 8), (744, 8), (746, 8), (748, 8), (749, 8), (827, 8), (918, 8), (921, 8), (949, 8), (950, 8), (957, 8), (1026, 8), (1076, 8), (1208, 8), (1209, 8), (26, 7), (112, 7), (137, 7), (142, 7), (235, 7), (270, 7), (302, 7), (303, 7), (304, 7), (305, 7), (386, 7), (407, 7), (442, 7), (465, 7), (494, 7), (501, 7), (532, 7), (566, 7), (568, 7), (570, 7), (608, 7), (892, 7), (966, 7), (1167, 7), (1200, 7), (1203, 7), (1204, 7), (1207, 7), (1211, 7), (1212, 7), (1236, 7), (114, 6), (191, 6), (236, 6), (365, 6), (392, 6), (400, 6), (484, 6), (498, 6), (528, 6), (529, 6), (530, 6), (531, 6), (534, 6), (553, 6), (563, 6), (605, 6), (681, 6), (829, 6), (869, 6), (958, 6), (1044, 6), (1156, 6), (67, 5), (72, 5), (84, 5), (254, 5), (277, 5), (308, 5), (325, 5), (366, 5), (370, 5), (418, 5), (419, 5), (789, 5), (864, 5), (954, 5), (1120, 5), (1196, 5), (1210, 5), (1238, 5), (18, 4), (19, 4), (44, 4), (107, 4), (383, 4), (521, 4), (1024, 4), (279, 3), (307, 3), (333, 3), (360, 3), (415, 3), (430, 3), (511, 3), (562, 3), (636, 3), (1074, 3), (102, 2), (124, 2), (196, 2), (264, 2), (281, 2), (297, 2), (337, 2), (391, 2), (417, 2), (493, 2), (503, 2), (517, 2), (590, 2), (639, 2), (675, 2), (779, 2), (856, 2), (865, 2), (891, 2), (925, 2), (956, 2), (1070, 2), (1091, 2), (1234, 2), (1, 1), (11, 1), (14, 1), (51, 1), (55, 1), (62, 1), (63, 1), (66, 1), (83, 1), (108, 1), (135, 1), (177, 1), (190, 1), (200, 1), (216, 1), (217, 1), (218, 1), (219, 1), (221, 1), (222, 1), (230, 1), (245, 1), (252, 1), (263, 1), (276, 1), (289, 1), (311, 1), (322, 1), (343, 1), (345, 1), (355, 1), (382, 1), (402, 1), (435, 1), (437, 1), (440, 1), (488, 1), (495, 1), (502, 1), (505, 1), (510, 1), (526, 1), (548, 1), (571, 1), (576, 1), (589, 1), (625, 1), (627, 1), (643, 1), (707, 1), (733, 1), (737, 1), (745, 1), (747, 1), (790, 1), (793, 1), (828, 1), (847, 1), (852, 1), (857, 1), (858, 1), (861, 1), (866, 1), (868, 1), (875, 1), (881, 1), (889, 1), (905, 1), (926, 1), (933, 1), (936, 1), (990, 1), (991, 1), (1001, 1), (1027, 1), (1057, 1), (1065, 1), (1079, 1), (1127, 1), (1135, 1), (1137, 1), (1139, 1), (1141, 1), (1198, 1), (1199, 1), (1202, 1)]
52 ; [(406, 8), (505, 1)]
53 ; [(987, 7), (432, 6), (447, 6), (401, 5), (1170, 4), (577, 3), (1228, 3), (1229, 3), (11, 2), (347, 2), (590, 2), (767, 2), (1, 1), (55, 1), (81, 1), (160, 1), (188, 1), (223, 1), (228, 1), (370, 1), (505, 1), (509, 1), (917, 1)]
54 ; [(11, 8), (211, 8), (228, 8), (229, 8), (358, 8), (382, 8), (432, 8), (819, 8), (964, 8), (1060, 8), (402, 7), (631, 7), (812, 7), (904, 7), (1005, 7), (1007, 7), (1048, 7), (1163, 7), (1169, 7), (223, 6), (369, 6), (485, 6), (632, 6), (1134, 6), (394, 5), (401, 5), (488, 5), (917, 5), (577, 4), (1164, 4), (187, 3), (341, 3), (347, 3), (513, 3), (716, 3), (55, 2), (333, 2), (505, 2), (552, 2), (590, 2), (626, 2), (767, 2), (860, 2), (941, 2), (990, 2), (1003, 2), (1013, 2), (23, 1), (206, 1), (547, 1), (550, 1), (607, 1), (613, 1), (771, 1), (790, 1), (793, 1), (806, 1), (905, 1), (1099, 1), (1171, 1), (1192, 1), (1237, 1)]
55 ; [(521, 8), (432, 7), (530, 7), (820, 6), (391, 4), (828, 4), (1205, 4), (232, 2), (358, 2), (463, 2), (505, 2), (640, 2), (779, 2), (890, 2), (1070, 2), (70, 1), (305, 1), (347, 1), (430, 1), (675, 1), (749, 1), (847, 1), (1056, 1), (1156, 1)]
56 ; [(767, 8), (181, 4), (212, 4), (1091, 3), (89, 2), (185, 2), (288, 2), (290, 2), (292, 2), (450, 2), (55, 1), (123, 1), (135, 1), (414, 1), (424, 1), (432, 1), (443, 1), (758, 1), (783, 1), (794, 1), (919, 1), (924, 1), (925, 1), (928, 1), (970, 1), (972, 1), (1066, 1), (1093, 1), (1102, 1), (1115, 1), (1234, 1), (1239, 1)]
57 ; [(590, 8), (1, 7), (223, 6), (588, 6), (790, 6), (988, 6), (346, 5), (394, 5), (432, 5), (983, 5), (987, 5), (778, 4), (860, 4), (865, 4), (905, 4), (986, 4), (1095, 4), (1173, 4), (178, 3), (282, 3), (370, 3), (160, 2), (188, 2), (812, 2), (890, 2), (989, 2), (1091, 2), (1170, 2), (1171, 2), (1203, 2), (6, 1), (8, 1), (11, 1), (62, 1), (79, 1), (80, 1), (81, 1), (177, 1), (200, 1), (228, 1), (369, 1), (397, 1), (415, 1), (447, 1), (513, 1), (577, 1), (668, 1), (784, 1), (833, 1), (1086, 1), (1090, 1)]
58 ; [(1, 8), (6, 8), (7, 8), (160, 8), (590, 8), (591, 8), (790, 8), (860, 8), (983, 8), (986, 8), (987, 8), (988, 8), (989, 8), (1173, 8), (80, 7), (178, 7), (223, 7), (346, 7), (432, 7), (447, 7), (577, 7), (588, 7), (778, 7), (812, 7), (865, 7), (890, 7), (1170, 7), (62, 6), (188, 6), (347, 6), (369, 6), (394, 6), (614, 6), (905, 6), (917, 6), (1077, 6), (1171, 6), (55, 5), (82, 5), (187, 5), (228, 5), (229, 5), (271, 5), (631, 5), (769, 5), (874, 5), (63, 4), (179, 4), (505, 4), (589, 4), (668, 4), (200, 3), (513, 3), (784, 3), (48, 2), (81, 2), (282, 2), (335, 2), (370, 2), (415, 2), (903, 2), (1025, 2), (1091, 2), (1134, 2), (43, 1), (60, 1), (102, 1), (111, 1), (164, 1), (366, 1), (384, 1), (392, 1), (397, 1), (402, 1), (427, 1), (429, 1), (457, 1), (463, 1), (485, 1), (511, 1), (517, 1), (550, 1), (609, 1), (748, 1), (749, 1), (805, 1), (820, 1), (912, 1), (964, 1), (990, 1), (1005, 1), (1086, 1), (1090, 1), (1228, 1), (1234, 1)]
59 ; [(55, 8), (223, 8), (402, 8), (577, 8), (668, 8), (812, 8), (989, 8), (1077, 8), (229, 7), (394, 7), (401, 7), (432, 7), (767, 7), (784, 7), (865, 7), (905, 7), (1074, 7), (284, 6), (397, 6), (505, 6), (509, 6), (670, 6), (833, 6), (936, 6), (1025, 6), (1095, 6), (1102, 6), (102, 5), (214, 5), (228, 5), (279, 5), (365, 5), (366, 5), (513, 5), (565, 5), (608, 5), (689, 5), (790, 5), (1163, 5), (1171, 5), (48, 4), (84, 4), (107, 4), (191, 4), (588, 4), (590, 4), (903, 4), (1173, 4), (1205, 4), (81, 3), (275, 3), (335, 3), (347, 3), (370, 3), (572, 3), (574, 3), (860, 3), (874, 3), (983, 3), (986, 3), (988, 3), (1060, 3), (1172, 3), (1, 2), (18, 2), (62, 2), (63, 2), (80, 2), (122, 2), (160, 2), (166, 2), (187, 2), (346, 2), (386, 2), (392, 2), (415, 2), (447, 2), (485, 2), (521, 2), (530, 2), (591, 2), (614, 2), (631, 2), (778, 2), (827, 2), (917, 2), (987, 2), (1044, 2), (1091, 2), (1134, 2), (1228, 2), (6, 1), (11, 1), (45, 1), (67, 1), (79, 1), (110, 1), (111, 1), (164, 1), (177, 1), (179, 1), (188, 1), (200, 1), (245, 1), (281, 1), (306, 1), (333, 1), (369, 1), (382, 1), (425, 1), (427, 1), (430, 1), (442, 1), (444, 1), (452, 1), (465, 1), (504, 1), (524, 1), (607, 1), (609, 1), (678, 1), (679, 1), (685, 1), (738, 1), (748, 1), (769, 1), (820, 1), (828, 1), (869, 1), (882, 1), (912, 1), (937, 1), (964, 1), (977, 1), (990, 1), (1005, 1), (1007, 1), (1056, 1), (1071, 1), (1075, 1), (1097, 1), (1143, 1), (1170, 1), (1203, 1), (1232, 1)]
60 ; [(100, 8), (348, 8), (1004, 8), (698, 7), (241, 6), (446, 6), (155, 5), (587, 5), (597, 5), (322, 4), (267, 3), (990, 3), (1041, 3), (1043, 3), (1047, 3), (1110, 3), (17, 2), (340, 2), (519, 2), (653, 2), (1046, 2), (1192, 2), (87, 1), (354, 1), (370, 1), (550, 1), (722, 1), (724, 1), (751, 1), (764, 1), (1000, 1), (1040, 1), (1104, 1), (1194, 1)]
61 ; [(195, 8), (196, 8), (383, 8), (437, 8), (501, 8), (502, 8), (505, 8), (605, 8), (685, 8), (754, 7), (969, 7), (531, 6), (1079, 6), (370, 4), (465, 4), (490, 4), (432, 3), (481, 3), (498, 3), (10, 2), (200, 2), (511, 2), (570, 2), (590, 2), (882, 2), (990, 2), (1092, 2), (1093, 2), (56, 1), (62, 1), (63, 1), (114, 1), (132, 1), (187, 1), (197, 1), (226, 1), (298, 1), (347, 1), (358, 1), (427, 1), (434, 1), (439, 1), (500, 1), (517, 1), (532, 1), (535, 1), (565, 1), (668, 1), (726, 1), (735, 1), (738, 1), (739, 1), (741, 1), (763, 1), (767, 1), (827, 1), (847, 1), (864, 1), (865, 1), (875, 1), (912, 1), (944, 1), (980, 1), (1040, 1), (1098, 1), (1188, 1), (1207, 1), (1208, 1), (1234, 1), (1236, 1)]
62 ; [(148, 8), (370, 7), (438, 7), (806, 7), (842, 7), (1073, 7), (17, 6), (193, 6), (437, 6), (550, 6), (607, 6), (722, 6), (64, 5), (155, 5), (192, 5), (194, 5), (226, 5), (1151, 5), (473, 4), (736, 4), (763, 4), (837, 4), (907, 4), (1214, 4), (63, 3), (197, 3), (331, 3), (348, 3), (359, 3), (698, 3), (724, 3), (768, 3), (803, 3), (882, 3), (888, 3), (904, 3), (941, 3), (990, 3), (1000, 3), (1023, 3), (56, 2), (144, 2), (200, 2), (238, 2), (267, 2), (297, 2), (333, 2), (354, 2), (382, 2), (558, 2), (663, 2), (703, 2), (761, 2), (764, 2), (822, 2), (844, 2), (845, 2), (889, 2), (1040, 2), (1080, 2), (1234, 2), (10, 1), (24, 1), (43, 1), (60, 1), (62, 1), (69, 1), (72, 1), (88, 1), (94, 1), (110, 1), (160, 1), (182, 1), (211, 1), (224, 1), (237, 1), (244, 1), (321, 1), (322, 1), (330, 1), (340, 1), (349, 1), (358, 1), (372, 1), (383, 1), (427, 1), (429, 1), (434, 1), (446, 1), (458, 1), (459, 1), (460, 1), (465, 1), (472, 1), (479, 1), (486, 1), (505, 1), (537, 1), (539, 1), (551, 1), (559, 1), (580, 1), (586, 1), (590, 1), (643, 1), (677, 1), (704, 1), (729, 1), (731, 1), (734, 1), (735, 1), (767, 1), (783, 1), (787, 1), (804, 1), (819, 1), (821, 1), (843, 1), (870, 1), (879, 1), (880, 1), (885, 1), (886, 1), (912, 1), (913, 1), (914, 1), (920, 1), (937, 1), (944, 1), (945, 1), (964, 1), (969, 1), (1022, 1), (1032, 1), (1033, 1), (1038, 1), (1039, 1), (1042, 1), (1071, 1), (1093, 1), (1104, 1), (1192, 1), (1195, 1), (1232, 1)]
63 ; [(429, 8), (463, 8), (1155, 8), (347, 6), (499, 6), (976, 5), (1228, 5), (1229, 5), (434, 4), (1171, 4), (1192, 4), (322, 2), (592, 2), (805, 2), (1, 1), (23, 1), (62, 1), (63, 1), (166, 1), (370, 1), (374, 1), (437, 1), (438, 1), (490, 1), (500, 1), (501, 1), (502, 1), (505, 1), (669, 1), (698, 1), (704, 1), (724, 1), (763, 1), (803, 1), (821, 1), (922, 1), (980, 1), (1040, 1), (1091, 1)]
64 ; [(22, 8), (372, 8), (437, 8), (814, 8), (842, 8), (1038, 8), (1195, 8), (64, 5), (17, 3), (370, 3), (20, 2), (144, 2), (148, 2), (197, 2), (550, 2), (844, 2), (889, 2), (963, 2), (1000, 2), (1091, 2), (1093, 2), (24, 1), (155, 1), (160, 1), (227, 1), (267, 1), (322, 1), (331, 1), (349, 1), (358, 1), (382, 1), (434, 1), (472, 1), (590, 1), (605, 1), (606, 1), (674, 1), (698, 1), (703, 1), (722, 1), (724, 1), (768, 1), (882, 1), (907, 1), (944, 1), (1033, 1), (1067, 1), (1071, 1), (1076, 1), (1188, 1)]
65 ; [(64, 8), (144, 8), (194, 8), (211, 8), (437, 8), (578, 8), (842, 8), (1038, 8), (1073, 8), (24, 7), (155, 7), (372, 7), (387, 7), (388, 7), (674, 7), (1046, 7), (1237, 7), (20, 6), (192, 6), (349, 6), (368, 6), (370, 6), (885, 6), (886, 6), (904, 6), (1151, 6), (1195, 6), (206, 5), (699, 5), (736, 5), (1007, 5), (1099, 5), (22, 4), (606, 4), (722, 4), (964, 4), (1045, 4), (1067, 4), (17, 3), (87, 3), (148, 3), (197, 3), (341, 3), (814, 3), (323, 2), (331, 2), (550, 2), (597, 2), (653, 2), (821, 2), (990, 2), (1000, 2), (1048, 2), (1092, 2), (1234, 2), (93, 1), (132, 1), (135, 1), (224, 1), (227, 1), (238, 1), (267, 1), (297, 1), (322, 1), (358, 1), (383, 1), (386, 1), (519, 1), (539, 1), (543, 1), (546, 1), (587, 1), (599, 1), (611, 1), (629, 1), (763, 1), (788, 1), (803, 1), (819, 1), (833, 1), (882, 1), (889, 1), (913, 1), (963, 1), (1006, 1), (1042, 1), (1093, 1), (1149, 1), (1150, 1), (1153, 1), (1164, 1), (1188, 1), (1214, 1), (1232, 1)]
66 ; [(322, 8), (429, 8), (1192, 8), (348, 7), (370, 7), (434, 7), (100, 5), (463, 5), (1155, 5), (340, 4), (350, 4), (698, 4), (17, 3), (148, 3), (200, 3), (763, 3), (821, 3), (944, 3), (22, 2), (558, 2), (722, 2), (724, 2), (736, 2), (882, 2), (990, 2), (1194, 2), (1, 1), (10, 1), (11, 1), (13, 1), (63, 1), (155, 1), (160, 1), (166, 1), (187, 1), (267, 1), (385, 1), (427, 1), (446, 1), (498, 1), (590, 1), (605, 1), (607, 1), (630, 1), (731, 1), (767, 1), (771, 1), (788, 1), (837, 1), (907, 1), (912, 1), (913, 1), (969, 1), (976, 1), (980, 1), (1004, 1), (1098, 1), (1104, 1), (1109, 1), (1134, 1), (1195, 1), (1214, 1), (1226, 1)]
67 ; [(148, 7), (914, 6), (472, 5), (910, 5), (370, 4), (724, 2), (842, 2), (1234, 2), (43, 1), (61, 1), (354, 1), (473, 1), (519, 1), (764, 1)]
68 ; [(543, 8), (1003, 8), (349, 7), (195, 6), (206, 6), (90, 5), (438, 5), (964, 5), (1099, 5), (904, 4), (546, 3), (734, 3), (1164, 3), (341, 2), (889, 2), (1046, 2), (1048, 2), (1093, 2), (11, 1), (64, 1), (135, 1), (297, 1), (327, 1), (331, 1), (358, 1), (359, 1), (370, 1), (437, 1), (550, 1), (607, 1), (632, 1), (819, 1), (826, 1), (838, 1), (882, 1), (913, 1), (944, 1), (969, 1), (1000, 1), (1040, 1), (1134, 1), (1149, 1), (1150, 1), (1172, 1), (1234, 1)]
69 ; [(193, 8), (703, 8), (907, 8), (363, 7), (438, 7), (359, 6), (370, 5), (1000, 4), (944, 3), (1234, 3), (327, 2), (326, 1), (550, 1), (724, 1), (837, 1)]
70 ; [(340, 8), (698, 8), (804, 8), (1009, 8), (1032, 8), (1104, 8), (438, 6), (370, 5), (1000, 4), (1234, 4), (944, 3), (327, 2), (17, 1), (722, 1), (837, 1), (952, 1), (1232, 1)]
71 ; [(148, 8), (11, 1), (56, 1), (327, 1), (370, 1), (547, 1)]
72 ; [(732, 8), (682, 7), (323, 6), (683, 5), (58, 3), (733, 2), (250, 1), (333, 1), (837, 1), (941, 1), (1000, 1), (1019, 1), (1125, 1)]
73 ; [(50, 8), (227, 8), (630, 8), (843, 8), (844, 8), (224, 6), (359, 6), (438, 6), (629, 6), (370, 4), (806, 4), (1093, 2), (724, 1), (990, 1), (1000, 1), (1228, 1), (1229, 1), (1234, 1)]
74 ; [(914, 8), (910, 7), (148, 6), (724, 2), (1093, 2), (370, 1), (1000, 1)]
75 ; [(316, 8), (446, 8), (370, 5), (359, 4), (1110, 4), (241, 3), (944, 3), (273, 2), (348, 2), (354, 2), (519, 2), (587, 2), (751, 2), (1234, 2), (100, 1), (597, 1), (757, 1), (837, 1), (1043, 1), (1047, 1), (1235, 1)]
76 ; [(606, 8), (437, 7), (1188, 7), (1007, 4), (438, 3), (359, 2), (370, 2), (1048, 2), (329, 1), (330, 1), (731, 1), (882, 1), (889, 1), (1023, 1), (1039, 1), (1080, 1), (1134, 1)]
77 ; [(27, 8), (323, 8), (546, 8), (629, 8), (734, 8), (754, 8), (1006, 8), (1012, 8), (1034, 8), (1035, 8), (1220, 8), (195, 7), (437, 7), (438, 7), (630, 7), (843, 7), (844, 7), (1152, 7), (1153, 7), (90, 6), (224, 6), (327, 6), (359, 6), (1138, 6), (227, 5), (370, 5), (939, 5), (963, 5), (1149, 5), (329, 4), (1150, 4), (1234, 4), (128, 3), (330, 3), (25, 2), (135, 2), (542, 2), (592, 2), (722, 2), (731, 2), (735, 2), (845, 2), (882, 2), (889, 2), (944, 2), (990, 2), (1092, 2), (1093, 2), (31, 1), (50, 1), (148, 1), (168, 1), (197, 1), (226, 1), (267, 1), (297, 1), (298, 1), (321, 1), (326, 1), (333, 1), (428, 1), (550, 1), (551, 1), (558, 1), (586, 1), (663, 1), (724, 1), (729, 1), (806, 1), (826, 1), (837, 1), (839, 1), (879, 1), (912, 1), (937, 1), (941, 1), (1023, 1), (1040, 1), (1080, 1), (1134, 1), (1188, 1), (1232, 1)]
78 ; [(320, 8), (680, 8), (1021, 8), (1111, 8), (1181, 8), (255, 7), (373, 7), (802, 7), (159, 6), (452, 6), (253, 5), (459, 5), (61, 4), (686, 4), (1091, 4), (146, 3), (370, 3), (438, 3), (1071, 3), (1179, 3), (1180, 3), (152, 2), (179, 2), (282, 2), (427, 2), (556, 2), (1010, 2), (1042, 2), (1078, 2), (1081, 2), (1086, 2), (1089, 2), (1090, 2), (1093, 2), (1227, 2), (1234, 2), (65, 1), (82, 1), (90, 1), (93, 1), (135, 1), (161, 1), (184, 1), (188, 1), (238, 1), (265, 1), (315, 1), (321, 1), (326, 1), (330, 1), (333, 1), (359, 1), (451, 1), (460, 1), (479, 1), (648, 1), (663, 1), (696, 1), (718, 1), (722, 1), (724, 1), (731, 1), (734, 1), (753, 1), (800, 1), (838, 1), (884, 1), (889, 1), (912, 1), (944, 1), (945, 1), (1015, 1), (1019, 1), (1065, 1), (1069, 1), (1112, 1), (1118, 1)]
79 ; [(1112, 8), (1181, 8), (650, 7), (320, 6), (123, 5), (384, 5), (438, 5), (648, 5), (945, 5), (1082, 5), (373, 4), (923, 4), (359, 3), (135, 2), (146, 2), (330, 2), (826, 2), (944, 2), (1091, 2), (1179, 2), (1234, 2), (65, 1), (75, 1), (132, 1), (148, 1), (179, 1), (184, 1), (255, 1), (315, 1), (333, 1), (370, 1), (427, 1), (452, 1), (663, 1), (829, 1), (838, 1), (882, 1), (912, 1), (1000, 1), (1010, 1), (1023, 1), (1065, 1), (1089, 1)]
80 ; [(460, 8), (1227, 8), (458, 7), (1078, 7), (696, 6), (753, 6), (800, 4), (945, 3), (1042, 3), (1234, 3), (159, 2), (238, 2), (333, 2), (1071, 2), (61, 1), (135, 1), (152, 1), (330, 1), (427, 1), (438, 1), (451, 1), (452, 1), (453, 1), (459, 1), (612, 1), (663, 1), (722, 1), (884, 1), (912, 1), (1010, 1), (1065, 1), (1091, 1), (1179, 1), (1180, 1)]
81 ; [(321, 8), (734, 8), (546, 7), (1092, 6), (438, 5), (542, 5), (370, 4), (90, 3), (326, 3), (941, 2), (990, 2), (31, 1), (93, 1), (132, 1), (135, 1), (195, 1), (253, 1), (359, 1), (550, 1), (551, 1), (586, 1), (592, 1), (729, 1), (731, 1), (944, 1), (1134, 1), (1232, 1), (1234, 1)]
82 ; [(25, 8), (90, 8), (93, 8), (321, 8), (326, 8), (438, 8), (135, 7), (546, 7), (734, 7), (963, 7), (253, 6), (359, 6), (1003, 6), (370, 5), (542, 5), (327, 4), (1234, 4), (159, 3), (543, 3), (31, 2), (152, 2), (458, 2), (941, 2), (944, 2), (132, 1), (148, 1), (189, 1), (195, 1), (197, 1), (238, 1), (297, 1), (330, 1), (331, 1), (333, 1), (427, 1), (550, 1), (551, 1), (586, 1), (592, 1), (722, 1), (724, 1), (729, 1), (731, 1), (826, 1), (837, 1), (845, 1), (879, 1), (882, 1), (889, 1), (904, 1), (912, 1), (937, 1), (952, 1), (990, 1), (1000, 1), (1040, 1), (1078, 1), (1092, 1), (1150, 1), (1188, 1), (1227, 1), (1232, 1)]
83 ; [(166, 7), (18, 6), (432, 6), (1203, 6), (1143, 5), (1102, 4), (370, 3), (447, 2), (505, 2), (590, 2), (767, 2), (1077, 2), (187, 1), (238, 1), (366, 1), (394, 1), (427, 1), (430, 1), (463, 1), (501, 1), (517, 1), (550, 1), (609, 1), (668, 1), (905, 1), (912, 1), (988, 1), (989, 1), (1074, 1), (1091, 1), (1170, 1), (1171, 1)]
84 ; [(160, 7), (8, 3), (922, 2), (986, 2), (1112, 2), (333, 1), (346, 1), (384, 1), (555, 1), (590, 1), (778, 1), (837, 1), (912, 1), (952, 1), (1086, 1), (1179, 1)]
85 ; [(1018, 8), (1118, 8), (29, 6), (202, 5), (475, 5), (982, 5), (58, 4), (200, 3), (179, 2), (370, 2), (427, 2), (88, 1), (98, 1), (250, 1), (432, 1), (438, 1), (469, 1), (589, 1), (590, 1), (724, 1), (732, 1), (733, 1), (888, 1), (912, 1), (941, 1), (969, 1), (983, 1), (1019, 1), (1022, 1), (1036, 1), (1065, 1)]
86 ; [(554, 8), (8, 7), (271, 7), (148, 6), (590, 6), (110, 5), (346, 5), (160, 4), (983, 4), (152, 3), (370, 3), (722, 3), (769, 3), (61, 2), (135, 2), (238, 2), (330, 2), (505, 2), (763, 2), (944, 2), (945, 2), (990, 2), (1000, 2), (1091, 2), (1173, 2), (85, 1), (200, 1), (384, 1), (427, 1), (555, 1), (577, 1), (586, 1), (731, 1), (922, 1), (952, 1), (1015, 1), (1033, 1), (1071, 1), (1077, 1), (1086, 1), (1090, 1), (1112, 1), (1118, 1), (1181, 1), (1227, 1), (1232, 1), (1234, 1)]
87 ; [(187, 8), (228, 8), (229, 8), (369, 8), (1005, 8), (432, 7), (1015, 7), (1060, 5), (370, 4), (438, 4), (590, 4), (860, 4), (223, 2), (333, 2), (401, 2), (513, 2), (550, 2), (631, 2), (812, 2), (819, 2), (1071, 2), (1134, 2), (382, 1), (394, 1), (485, 1), (632, 1), (668, 1), (722, 1), (833, 1), (945, 1), (990, 1), (1007, 1), (1025, 1), (1032, 1), (1163, 1), (1169, 1), (1180, 1), (1234, 1)]
88 ; [(457, 8), (614, 6), (1091, 5), (590, 4), (370, 3), (443, 2), (678, 2), (679, 2), (668, 1), (702, 1), (945, 1), (990, 1), (1134, 1), (1144, 1)]
89 ; [(469, 8), (176, 7), (260, 7), (79, 4), (905, 4), (912, 3), (152, 2), (177, 2), (265, 2), (706, 2), (179, 1), (370, 1), (479, 1), (590, 1), (778, 1), (1065, 1), (1086, 1)]
90 ; [(590, 8), (884, 8), (7, 7), (176, 7), (177, 7), (265, 7), (451, 7), (200, 6), (912, 6), (1086, 5), (260, 4), (479, 4), (1090, 4), (1091, 4), (778, 2), (160, 1), (161, 1), (370, 1), (505, 1), (589, 1), (763, 1), (874, 1), (987, 1), (1065, 1), (1071, 1), (1089, 1), (1234, 1), (1238, 1)]
91 ; [(95, 8), (97, 8), (182, 8), (267, 8), (413, 8), (468, 8), (700, 8), (722, 8), (728, 8), (732, 8), (756, 8), (770, 8), (997, 8), (1095, 8), (1189, 8), (1216, 8), (1217, 8), (1219, 8), (1226, 8), (57, 7), (88, 7), (250, 7), (266, 7), (294, 7), (322, 7), (353, 7), (362, 7), (370, 7), (376, 7), (381, 7), (422, 7), (475, 7), (733, 7), (759, 7), (781, 7), (787, 7), (801, 7), (808, 7), (822, 7), (859, 7), (870, 7), (893, 7), (965, 7), (974, 7), (998, 7), (1000, 7), (1018, 7), (1118, 7), (1177, 7), (1184, 7), (58, 6), (98, 6), (183, 6), (186, 6), (240, 6), (364, 6), (385, 6), (395, 6), (396, 6), (550, 6), (552, 6), (598, 6), (615, 6), (763, 6), (797, 6), (803, 6), (833, 6), (985, 6), (1097, 6), (1098, 6), (29, 5), (59, 5), (69, 5), (139, 5), (174, 5), (314, 5), (317, 5), (474, 5), (594, 5), (603, 5), (682, 5), (683, 5), (684, 5), (796, 5), (103, 4), (105, 4), (109, 4), (116, 4), (119, 4), (202, 4), (204, 4), (339, 4), (466, 4), (478, 4), (579, 4), (611, 4), (641, 4), (695, 4), (752, 4), (764, 4), (784, 4), (900, 4), (1125, 4), (15, 3), (115, 3), (199, 3), (241, 3), (359, 3), (434, 3), (486, 3), (720, 3), (772, 3), (799, 3), (872, 3), (888, 3), (990, 3), (1235, 3), (3, 2), (4, 2), (11, 2), (17, 2), (40, 2), (46, 2), (100, 2), (118, 2), (297, 2), (348, 2), (351, 2), (352, 2), (354, 2), (361, 2), (398, 2), (412, 2), (423, 2), (443, 2), (508, 2), (512, 2), (545, 2), (559, 2), (601, 2), (690, 2), (714, 2), (724, 2), (731, 2), (751, 2), (791, 2), (798, 2), (836, 2), (844, 2), (935, 2), (941, 2), (982, 2), (1019, 2), (1043, 2), (1047, 2), (1054, 2), (1056, 2), (1057, 2), (1058, 2), (1080, 2), (1093, 2), (1119, 2), (1191, 2), (1234, 2), (1, 1), (8, 1), (9, 1), (13, 1), (21, 1), (30, 1), (32, 1), (33, 1), (41, 1), (45, 1), (50, 1), (56, 1), (60, 1), (78, 1), (92, 1), (94, 1), (121, 1), (122, 1), (124, 1), (128, 1), (134, 1), (135, 1), (147, 1), (163, 1), (166, 1), (170, 1), (173, 1), (181, 1), (189, 1), (211, 1), (226, 1), (237, 1), (242, 1), (243, 1), (244, 1), (248, 1), (256, 1), (259, 1), (261, 1), (263, 1), (264, 1), (265, 1), (268, 1), (272, 1), (274, 1), (275, 1), (276, 1), (278, 1), (279, 1), (281, 1), (283, 1), (286, 1), (287, 1), (300, 1), (301, 1), (331, 1), (333, 1), (355, 1), (392, 1), (405, 1), (416, 1), (426, 1), (428, 1), (431, 1), (454, 1), (455, 1), (473, 1), (485, 1), (489, 1), (538, 1), (549, 1), (551, 1), (553, 1), (562, 1), (582, 1), (586, 1), (626, 1), (642, 1), (643, 1), (648, 1), (659, 1), (667, 1), (673, 1), (688, 1), (694, 1), (704, 1), (719, 1), (725, 1), (727, 1), (729, 1), (735, 1), (762, 1), (767, 1), (768, 1), (771, 1), (773, 1), (779, 1), (782, 1), (788, 1), (794, 1), (809, 1), (834, 1), (835, 1), (838, 1), (854, 1), (866, 1), (867, 1), (868, 1), (875, 1), (880, 1), (882, 1), (883, 1), (894, 1), (896, 1), (897, 1), (906, 1), (913, 1), (914, 1), (944, 1), (947, 1), (992, 1), (993, 1), (1023, 1), (1033, 1), (1040, 1), (1041, 1), (1051, 1), (1063, 1), (1085, 1), (1091, 1), (1103, 1), (1106, 1), (1107, 1), (1108, 1), (1115, 1), (1116, 1), (1134, 1), (1186, 1), (1192, 1), (1232, 1)]
92 ; [(93, 9), (258, 8), (472, 8), (661, 8), (722, 8), (952, 8), (1147, 8), (145, 8), (272, 8), (473, 7), (783, 7), (1000, 7), (1195, 7), (1234, 7), (113, 7), (180, 7), (879, 6), (213, 5), (489, 5), (599, 5), (705, 5), (842, 5), (1232, 5), (135, 4), (238, 4), (354, 4), (370, 4), (611, 4), (724, 4), (914, 4), (1033, 4), (226, 3), (333, 3), (778, 3), (934, 3), (990, 3), (586, 3), (148, 2), (377, 2), (465, 2), (514, 2), (550, 2), (559, 2), (586, 2), (731, 2), (763, 2), (764, 2), (845, 2), (858, 2), (910, 2), (930, 2), (941, 2), (1023, 2), (1093, 2), (1192, 2), (467, 2), (489, 2), (999, 2), (1000, 2), (1020, 2), (1033, 2), (17, 1), (43, 1), (111, 1), (130, 1), (136, 1), (181, 1), (185, 1), (189, 1), (193, 1), (200, 1), (342, 1), (392, 1), (429, 1), (434, 1), (446, 1), (479, 1), (492, 1), (503, 1), (510, 1), (596, 1), (607, 1), (643, 1), (653, 1), (671, 1), (687, 1), (692, 1), (729, 1), (735, 1), (767, 1), (788, 1), (804, 1), (806, 1), (822, 1), (824, 1), (826, 1), (837, 1), (838, 1), (839, 1), (856, 1), (859, 1), (883, 1), (888, 1), (889, 1), (908, 1), (915, 1), (926, 1), (940, 1), (944, 1), (946, 1), (1014, 1), (1031, 1), (1040, 1), (1066, 1), (1071, 1), (1151, 1), (1186, 1), (1188, 1), (1226, 1), (1227, 1), (422, 1), (550, 1), (722, 1), (724, 1), (873, 1), (1023, 1), (1233, 1)]
94 ; [(440, 8), (494, 8), (536, 8), (742, 8), (745, 8), (1204, 8), (309, 7), (311, 7), (955, 7), (1143, 7), (1197, 7), (1199, 7), (498, 6), (1121, 6), (1156, 5), (1223, 5), (78, 2), (114, 2), (209, 2), (270, 2), (277, 2), (370, 2), (571, 2), (789, 2), (1016, 2), (1091, 2), (1092, 2), (122, 1), (123, 1), (137, 1), (192, 1), (282, 1), (322, 1), (359, 1), (400, 1), (435, 1), (436, 1), (442, 1), (504, 1), (505, 1), (533, 1), (1158, 1), (1200, 1)]
95 ; [(30, 6), (603, 5), (606, 5), (192, 2), (12, 1), (43, 1), (257, 1), (322, 1), (1097, 1)]
96 ; [(454, 8), (455, 8), (673, 8), (75, 7), (40, 2), (520, 2), (526, 2), (9, 1), (43, 1), (527, 1), (883, 1), (1087, 1)]
97 ; [(539, 8), (757, 8), (751, 5), (140, 2), (416, 2), (52, 1), (68, 1), (135, 1), (190, 1), (392, 1), (538, 1)]
98 ; [(728, 8), (145, 7), (782, 7), (180, 5), (272, 5), (985, 4), (787, 3), (362, 2), (667, 2), (1118, 2), (270, 1), (467, 1), (595, 1), (1018, 1), (1019, 1)]
99 ; [(268, 8), (324, 8), (449, 7), (992, 5), (1191, 2)]
100 ; [(183, 8), (579, 8), (1017, 7), (1000, 6), (370, 5), (59, 2), (803, 2), (833, 2), (1097, 2), (1232, 2), (1033, 1)]